-2.326601543738777167e+01,-1.185004655061297818e+01,-9.665227241544394055e-01,-1.192484776222012499e+01,-2.350117351669879540e+01,-1.167897471784141494e+01,-2.147927217457563387e+01,-2.321911990145296301e+01,-7.661017623195598425e+00,-1.114677909870548689e+01,-3.353102934064509544e+00,-4.678285480649066130e+00,-2.442326769297467948e+00,-5.552325970666451838e+00,-1.472815595127945798e+01
-1.602674885328953280e+01,-9.459049783032941860e+00,-1.030664282291754397e+01,-3.653392282205978780e+00,-8.048037029806407006e+00,-6.226494810685413661e+00,-1.454402145618769993e+01,-2.734632542097886443e+01,-9.889825775628889204e+00,-6.672526488169304493e+00,-2.544551057155917206e+01,-6.415172828629333246e+00,-5.327454734163952210e+00,-6.157904478563260398e+00,-1.417188293040213409e+01
-2.265880449545724318e+01,-1.742984143647628059e+01,-3.276616713318301510e+00,-8.145633538277818886e+00,-4.223598309270959916e+00,-3.184301854537083809e+00,-2.005868661682067966e+01,-1.354469265792427812e+01,-6.519991073322818131e+00,-4.449649606980537797e+00,-1.058823641821454054e+00,-1.625075536937552023e+00,9.193053707298627641e-02,-8.781537546133925787e+00,-1.033144722876559385e+01
-1.652200342860139415e+01,-1.579688394864175116e+01,-5.260470029113260004e+00,-5.534497397860713264e+00,-9.883437609512155220e+00,-2.081971987738991459e+01,-1.797526211422054132e+01,-2.011315692980386416e+01,-1.102284160743198349e+01,-6.923975875818101144e+00,-3.240961856443608902e+00,-6.545315597201824431e+00,-4.614503026676345598e+00,-1.331306154913561457e+01,-1.922652769974747144e+01
-1.714120320178440693e+01,-1.387008911012287271e+01,-3.792900090513668498e+00,-4.932777736461297913e+00,-7.964884266280066072e+00,-1.475490626020490126e+01,-1.886492757300093359e+01,-2.174748277907187699e+01,-6.540999064200839541e+00,-7.129345823865136822e+00,-1.337287814259079255e+01,-7.085655841310053660e+00,1.236711279360425131e+00,-2.281072755758044135e+00,-1.829673278830091476e+01
-1.518736043322038398e+01,-5.006180220559008021e+00,-7.413486024700985055e+00,-1.744842499550756543e+01,-1.049887416957405684e+01,-7.163086590773566797e+00,-2.182883815901938007e+01,-1.419841281283598100e+01,-7.425707506364542354e+00,2.983912759967593531e-01,-3.895002921992140710e+00,1.932359253139351862e-01,-4.677162826311902499e+00,-4.306957146378596057e+00,-1.515557736156696222e+01
-1.252632364470013115e+01,-7.193397793708529164e+00,-3.003618015315787204e+01,-3.152679873544828482e+01,-1.038088380911298181e+01,-3.265456730757590975e+01,-1.917876134238285957e+01,-1.203143375203631571e+01,-2.520648255878782606e+00,-1.053161872425205559e+01,-1.101767252972182831e+01,-6.242564069334005872e+00,-1.492625937300953964e+01,-1.861195906549838242e+01,-1.172421704760339090e+01
-2.442367692600967999e+01,-4.443935272093701094e+00,-1.156880812668112490e+01,-1.110441143118588947e+01,-1.567119723125573572e+01,-1.997262123703904635e+01,-2.601248822101958424e+01,-1.121750597637642777e+01,-9.907959625424997085e+00,-7.582075479906932536e+00,-3.633742479016270011e+00,-5.149963830519242336e+00,-5.730825445235200988e+00,-6.122254239099387263e+00,-1.558862062852609576e+01
-1.879829837028270134e+01,-5.372111634050328988e+00,-5.043753971430112060e+00,-2.760774197167193300e+00,-9.011000606216528652e+00,-1.272258016461700159e+01,-1.568526457216175274e+01,-8.539176054867144927e+00,-3.079739809697018771e+00,-7.776833450844613083e+00,-1.919244560021311230e+01,-5.540973446221459930e+00,1.486833092886562735e+00,-1.249421751837719796e+01,-1.029191564572483486e+01
-1.349114678083007490e+01,-5.230309790205209808e+00,1.675529476897722692e+00,-2.003472269130932126e+00,-1.182400032656369682e+01,-9.501553077274817127e+00,-7.372259611145577374e+00,-1.233542107736360371e+01,-1.949997344064509264e+01,-1.303143488566597341e+01,-6.309118512187143146e+00,-2.190831243389984806e+00,-8.958663135111436304e+00,-1.328497792195211602e+01,-1.676408771814064380e+01
-2.219531462174099445e+01,-1.476405475254413346e+01,-1.265093438009149018e+01,-2.509799920622066338e+01,-1.097819511177342555e+01,-1.904590018594952383e+01,-1.161087172641579635e+01,-7.935787448739752392e+00,-1.380760336573865743e+01,-5.168574923418612244e+00,-7.087933854550295010e+00,-5.872738286772020366e+00,-1.301798223387530129e+01,-8.368681941464824803e+00,-1.612528716168754173e+01
-9.616378813431266437e+00,-4.265397046511615997e+00,-3.367847435384664578e+00,-3.238547407811429579e+00,-3.861511573074092318e+00,-1.143344493751075674e+01,-1.380564251877295412e+01,-8.381542164287967722e+00,-1.267105842267056026e+01,-7.020264657667368624e+00,-3.009212103308055930e+01,-2.981823893488923627e+00,-2.938087266119646213e+00,-3.014044490235209928e+00,-1.619360215128591918e+01
-1.486354654378138740e+01,-1.808532092371028099e+01,-1.828315520434182417e+01,-3.438223727779284644e+00,-1.309842475692324193e+01,-1.418194425192148245e+01,-1.490762149839101625e+01,-8.500832906602100891e+00,-8.419528770034311549e+00,-3.641910478556301012e+00,-9.311544014994430185e+00,-3.642499296272921683e+00,-1.210861968096862817e+01,-1.229818751077054273e+01,-6.984162459942307777e+00
-2.025359632352806827e+01,-1.939425332272958258e+01,-1.337642260001834948e+01,-1.067020586029290286e+01,-1.049689676272913808e+01,-1.268296180651067573e+01,-2.249007847446053887e+01,-1.448517701012432823e+01,-8.183683821372746081e+00,-4.222062279120645911e+00,-2.253946260937650159e+00,-1.118322579940810968e+01,-1.702726748576919036e+01,-6.096430756279167085e+00,-8.712052669927004445e+00
-2.039121184371582274e+01,-4.393353978293753848e+00,-6.304591710299900953e+00,-3.990923942028440585e+00,-5.349538832298974533e+00,-1.941860113453627434e+01,-1.811933059924263745e+01,-6.288040929752907182e+00,-4.766495493854416843e+00,-1.442359742020317626e+01,-4.958582236378645369e+00,-4.242956745735723345e+00,-2.152683734726128506e+00,-1.384296440694521557e+01,-1.108258984417137327e+01
-2.948181629098076328e+01,-4.390467685471350023e+00,-7.769585745650289255e+00,-5.009017344385712889e+00,-2.150289028695719473e+00,-9.417858725932559238e+00,-7.609176015418311678e+00,-7.109791752229227768e+00,-3.580524067814661038e+01,-1.007085396317498827e+01,-2.920769606489032721e+00,-5.209422053276591136e-01,-5.759351270569121439e+00,-8.289176884431503467e+00,-1.430756967093475751e+01
-1.280871916000851130e+01,-6.861176489971394510e+00,-5.812297274999603580e+00,-1.372767303585695542e+00,-1.777120019727179212e+01,-9.491232229177636981e+00,-1.396037099301695328e+01,-1.319697342451876487e+01,-5.837616898183921599e+00,-1.901712100643817038e+01,-1.516176026789126929e+01,-1.140134028161148194e+01,-4.588155283714395516e+00,-7.511123054110706576e+00,-1.058173589623859812e+01
-2.519208003539016261e+01,-1.142035224144813554e+01,-4.177459926217393260e+00,-3.432964045801226938e+00,-1.725423318771863990e+01,-2.297812694724665405e+01,-1.296249204146861622e+01,-4.494707760184617484e+00,-7.159523356442550224e+00,-2.770757525661616150e+00,-1.006314985519975735e+01,-1.518169203073787799e+01,-1.452004077103936375e+01,-1.232103519123099389e+01,-8.459096283722480791e+00
-1.715237328536385419e+01,-1.247213522506268824e+01,-8.262562695532702506e+00,-1.656058716672954123e+00,-5.162149815402933051e+00,-7.538031950851721064e+00,-1.407337596486242148e+01,-6.629342927683923747e+00,-3.550306785098273465e+00,-5.188446986249322102e+00,-9.216995319389479135e+00,-1.107518188335310860e+01,-1.678803086995998939e+01,-1.156162967331241020e+01,-2.207753899625078375e+01
-1.072780133201057140e+01,-4.455172927777307557e+00,-1.245350721598675658e+00,-1.174945949707969994e+01,-6.659755601764572042e+00,-6.650889706491755149e+00,-1.240167414043715866e+01,-7.774291033942786200e+00,-1.072942720033912423e+01,-1.303898498188404886e+01,-5.144007913849005575e+00,-1.346109748623705471e+01,-3.344809324269987449e+00,-5.688288977025008464e+00,-2.506751799993088170e+01
-1.646702617978277416e+01,-1.763307776394012194e+01,-1.976043189897724650e+00,-1.812025864567300459e+01,-1.082761677661097011e+01,-3.932452462219862888e+00,-1.802387316701763709e+01,-9.008595002724410605e+00,-5.192690093321118638e+00,-1.421969371060238174e+01,-5.522863221643761200e-01,-6.762548230803840710e+00,-2.713749291322506529e+00,-2.580524692941265741e+00,-9.873077506954571092e+00
-1.405781906544863524e+01,-8.611182528414625281e+00,-8.570414827701100080e+00,-1.138955633150760249e+01,-1.793738652094230801e+01,-7.917141866941225459e+00,-1.283217228938177001e+01,-1.191153023512547193e+01,-3.495458316322902270e+00,-6.111835539936425477e+00,-5.997683325886803418e-01,-1.014314617138754926e+01,-4.098110094408694337e+00,-4.685404546588846308e+00,-8.902524465377075202e+00
-1.552438246896207374e+01,-6.489381580574603348e+00,-6.080679391856609328e+00,-7.026568078475460055e+00,-8.958093169156933655e+00,-7.860144679471671836e+00,-1.212692889899934201e+01,-7.608076660250588041e+00,-1.204852992962581748e-01,-4.025685031476210263e+00,-2.816986213802039174e+00,-2.071961727060619207e+00,-3.173097797053565206e+00,-1.076611676903396031e+01,-7.646601409852324949e+00
-1.457615796116697560e+01,-3.425150004878576571e+00,-6.561840831481675629e+00,-8.620969522255382600e+00,-5.099613300327121124e+00,-8.387978467432056107e+00,-1.329673376000196328e+01,-6.721694102462585363e+00,-1.764783891491326884e+01,-8.375820544446032301e+00,-1.312144669775722505e+01,-8.415803975165607298e+00,-1.235656647081127169e+01,-6.541371756701613194e+00,-1.872165432722587042e+01
-2.149075509319564148e+01,-7.416744131939973173e+00,-1.496642861858165752e+01,-9.300373346639782213e+00,-9.472716879914491628e+00,-1.659849228716894487e+01,-1.181138104988252557e+01,-3.197355976994910165e+01,-1.219676166840023779e+00,-3.006551104501159699e+00,-2.742532647546667146e+00,-1.273108080330173975e+00,-1.686604813300634165e+00,-8.045789096731306600e+00,-1.225787782325360453e+01
-1.255306562036362905e+01,-2.818339106128885163e+00,-1.512069149670521462e+01,-6.702794188333287551e+00,-4.755914304416940297e+00,-1.168733792524186477e+01,-8.332711181375350051e+00,-5.803347135741113050e+00,-3.025727783885885369e+00,1.998116992953679893e-01,-1.472753036911131197e+01,-2.418233972426398815e+00,-8.798118401463252525e+00,-4.002107722361760267e+00,-1.376302807340084478e+01
-8.604920437265054289e+00,-1.302791824916456065e+01,-6.607808657985154710e-01,-1.072774192592620190e+00,-1.312277502602974621e+01,-2.062383146230963149e+01,-1.037766939479543993e+01,-9.955838708893157474e+00,-6.681315480214930602e+00,-9.052969081648246097e-02,-1.266755254532204056e+00,-3.739285155477174882e+00,-3.936492236960503988e+00,-1.148791591652574340e+01,-1.680880261768284711e+01
-1.695304083866501088e+01,-2.517023643164360447e+00,-7.896519174937569829e+00,-6.142252417257360264e+00,-1.640282700416800665e+01,-8.400259799678156725e+00,-1.092765907913443080e+01,-1.332773869354199903e+01,-7.973042314250013973e+00,-2.825522669885037086e+00,-1.115580574245788092e+01,-1.345511055788372090e+01,-1.952572073361228178e+00,-9.951239592924393307e+00,-2.786195707688173684e+01
-1.219071460605098700e+01,4.106734549618005353e-02,-2.112400062398525957e+00,-1.014063894450290881e+01,-1.616859474448384404e+01,-7.314017287558116642e+00,-6.139564967629542735e+00,-2.243935090757231166e+01,-1.227907223878868948e+01,-2.029595906384783177e+01,-6.922021498785172255e+00,-3.194388340824929173e+00,-7.331834843668907808e+00,-1.444082565155212805e+01,-1.102227564405763971e+01
-1.710974730385419562e+01,-9.097113720949645099e+00,-4.889808495543276123e+00,-7.093959663208124766e+00,-1.098404163679114731e+01,-1.069182005559252424e+01,-1.052727843050102408e+01,-1.320472659359793077e+01,-6.687674443275748004e+00,2.701826544499201788e-01,-7.589720248520865908e+00,-7.141947830983582435e+00,-6.322629521267195685e+00,-8.592028209391965987e+00,-1.205201098121257886e+01
-1.841526861499199441e+01,-2.420573115218887850e+01,-5.523013788055816775e+00,-1.040188688580113308e+01,-1.611256146009929946e+00,-6.459023254292389993e+01,-9.385684541549615290e+00,-8.516662192921703678e+00,-5.287870082296198149e+00,-1.739378442589421869e+00,-3.032867515085238441e+00,-1.243644556157080316e+01,-6.086237206068936700e+00,-6.176753721482878490e+00,-1.804671483017241584e+01
-1.905465621350331773e+01,-8.890959206175942597e+00,-2.606457790348133852e+00,7.666076242681743036e-01,-2.401942075945057820e+00,-1.880642773985657001e+01,-9.364178716499754529e+00,-1.183572915948968429e+01,-5.633248608347871667e+00,-8.102042081503181947e+00,-2.174903673215196953e+00,-7.930229689098328372e+00,-1.046728471708915009e+01,-1.161044935218936303e+01,-1.412055514571489923e+01
-1.533987340164523694e+01,-4.608650637587938803e+00,-1.378531374074210447e+00,-1.259895544294403713e+01,-8.474249479726722711e+00,-1.469834993848723848e+01,-1.464891069464766993e+01,-1.845199363259748182e+01,-1.034336970830698377e+01,-1.143040115719366412e+01,-6.876498752965495953e+00,-7.102638796888795625e+00,-2.158878106156373633e+01,-2.749944427001713620e+01,-1.563611797856962760e+01
-1.773985691930192132e+01,-1.119577707602483585e+01,-1.150785146649172308e+00,-1.714368884149040895e+01,-6.581715241594796595e+00,-7.834702022909220354e+00,-1.404226126501849947e+01,-2.630975093736703130e+01,-4.632222130142615413e+00,-8.127303855128916510e+00,-1.348904042080738286e+01,-2.160475132375801621e+01,-1.560842172998378352e+01,-1.187021982205630621e+01,-1.141849887161616905e+01
-2.197142846974551844e+01,-4.857291595558649533e+00,-1.352102714212269063e+01,-4.174167193534735532e+00,-1.259412945763425640e+01,-2.068964544305856634e+01,-1.150112635117592497e+01,-9.147758864645957999e+00,-1.270276980018597257e+01,-1.150831209397941368e+00,-3.953190281165757103e+00,-1.140792260390767865e+01,-9.412732175210566155e+00,-6.056672466020057044e+00,-1.128862405587360840e+01
-2.312028952751605004e+01,-4.335267893519258564e+00,-9.247865473432536731e+00,-5.952981498347080347e+00,-8.914665134258843437e+00,-2.452272073703070276e+01,-1.017367999523950850e+01,-9.543155363735468910e+00,-5.049721325904536151e+00,-1.475668103982752832e+01,-1.972281936567170035e+01,-2.985809252267812131e+00,-3.145100760750988655e+00,-1.353996320951917554e+01,-2.203934813304994123e+01
-1.397934470784689154e+01,-1.917124970219920677e+00,-6.367968758546764363e+00,-3.170942784085734267e+00,-1.943051654977791864e+00,-9.632075460835922698e+00,-1.206697644598611419e+01,-9.988274464417317589e+00,-6.754999632952388922e+00,-1.103434877729682917e+01,-1.458319834476687227e+01,-6.925147500166730197e+00,-1.493912064745585688e+01,-1.459332048701796580e+01,-1.797133900950814223e+01
-1.540524121507614019e+01,-8.832938418971288286e+00,-1.021836925940593233e+01,-1.864893467826871598e+00,-1.738653752973421973e+01,-1.396528630086192102e+01,-1.927550599214867333e+01,-1.020591484773626867e+01,-1.721215471074641812e+01,-8.845206736162907202e-01,-7.346634943415014440e+00,-4.369125628144936435e+00,-1.118159961735319952e+00,-1.357557213246907679e+01,-1.659809425387799209e+01
-1.585583100301586335e+01,-2.302829435870944152e+01,-9.795504425554108607e+00,-8.122391938939289346e+00,-1.894250097839985969e+01,-2.262886234346089509e+01,-9.879817083221206886e+00,-1.016182248018065692e+01,-3.998466181857161850e+00,9.564666970257676426e-02,1.301895234441766969e-01,-7.126304560026213153e-01,-1.623466862620439821e+00,-1.897155038199066013e+01,-2.333204608906612876e+01
-2.314258143912462629e+01,-1.573333254401949688e+01,-1.020540689029622783e+01,-8.252866678290676106e+00,-1.000575920061281820e+01,-9.804276733351102280e+00,-1.403518233356338030e+01,-9.847067270140957618e+00,-6.933652526224445722e+00,-1.334091413954238980e+01,-4.519783318054467536e+00,-1.084623447993582346e+01,-7.168962060975859529e+00,-5.243154490149597891e+00,-1.460235862775324911e+01
-1.981081155159908036e+01,-8.100302306231286664e+00,-6.490631229760043475e+00,-7.128821486892085169e+00,-1.227956221562249794e+01,-1.305546929038462700e+01,-2.383779182456590817e+01,-1.204468571807104382e+01,-2.480026904237620400e+01,-9.214008860963073033e+00,-1.004825160820163710e+01,-4.111859612348354176e+00,-1.436479719300608693e+00,-7.729819146590899415e+00,-1.121904504877642950e+01
-1.772969053073577683e+01,-1.124296172976148078e+01,-7.501098205523600626e+00,-5.181765223247570162e+00,-1.278251026461905759e+01,-2.018741382829656672e+01,-1.582162664959560594e+01,-1.152641863608948469e+01,-1.800338259501167926e+01,-2.275767791363864756e+00,1.067024814566378321e+00,-5.211589111102390426e+00,-6.463102148874798836e+00,-8.264689295224712851e+00,-1.226368942173121823e+01
-1.883557213787639739e+01,-2.067682720540172880e+01,-5.909643720758195329e+00,-1.787555359200605309e+01,-1.089781518819357231e+01,-1.756943234495471629e+01,-1.843935371511014054e+01,-1.074377053326401565e+01,-4.525552090075290579e+00,-3.538428670717921332e+00,-5.129154594689055102e+00,-1.007900281915683038e+01,-1.236091165850447204e+01,-4.642053200526729029e+01,-1.237962640714651563e+01
-1.835389190647673274e+01,-1.684561019106077495e+01,-8.705665098021739823e+00,-7.765717929983075862e+00,-8.925839434224556612e+00,-9.573955986605174218e+00,-1.985692651737358005e+01,-9.214161086177856674e+00,-1.127769128197416215e+01,-1.916678708661869290e+00,-9.314843815777148706e+00,-2.418255391104836249e+01,-1.709444847343142726e+01,-1.929492071766429717e+01,-1.403961927138515797e+01
-2.221890408848434717e+01,-2.798971582014665671e+01,-1.100796586308898739e+01,-1.040165946417323006e+01,-1.209432867872232720e+01,-8.389618733324175182e+00,-1.701762120191969530e+01,-1.335694435840997230e+01,-1.111351442873226958e+01,-7.961270809481904465e+00,-8.494487924750497854e+00,-1.132210668443197399e+01,-2.813890672848955177e+01,-3.600377724659209377e+01,-2.049317083991246591e+01
-1.847153982791570925e+01,-2.713832551899698586e+01,-1.220557178727286818e+01,-1.848932600638732993e+00,-1.276298312343682895e+01,-1.341453421072479912e+01,-1.431847931623775949e+01,-1.337476736630518026e+01,-6.039617014164500475e+00,-2.843000481380624667e+00,-1.114144657623288914e+01,-3.762687686882880023e+00,-7.357613352994087030e+00,-1.018616462479597295e+01,-3.159543496536944929e+01
-2.241347990974238868e+01,-2.473164801326824502e+01,-2.079007567663052924e+01,-4.946570397855426293e+00,-5.507604685728346716e+00,-1.638691241812615118e+01,-1.968888255300374368e+01,-1.327635957126440758e+01,-1.350218572949813378e+01,-1.088072164395864583e+01,-1.081504698975590095e+01,-1.711488029279382417e+01,-3.367578598867675410e+00,-8.316963335141478453e+00,-1.740153376084327874e+01
-3.052772050689038252e+01,-2.073004935012015082e+01,-1.038865899212907706e+01,-2.876950250132651377e+00,-4.272005939491298143e+00,-1.979372789168592561e+01,-1.907824988615511330e+01,-1.189927328678689733e+01,-2.036793771332823866e+01,-1.385393460149544786e+01,-3.153520512128891795e+01,-1.592926900553867853e+01,-1.234784295931087250e+01,-9.149178249911454230e+00,-1.419196134470207760e+01
-2.851474124214963979e+01,-2.067926705225326955e+01,-7.086608193874067929e+00,-1.919413141693376090e+01,-8.464129879757447128e-01,-1.317930257188500498e+01,-1.526429542664520156e+01,-1.270638546305890060e+01,-1.199358454050521594e+01,-2.262143662498377594e+01,-1.152536185536347624e+01,-1.852245900043243410e+01,-1.922296969303499381e+01,-3.039613569588434672e+01,-3.180599023956513349e+01
-1.530262828386777407e+01,-1.841287620698679461e+01,-1.373516201842362072e+01,-2.332197332993310113e+00,-9.261320472193675712e+00,-1.218855313248699268e+01,-9.449816612208364219e+00,-1.241513721199391540e+01,-1.110292405946347927e+01,-7.641635532752686366e+00,-8.154070437497534130e+00,-1.438274118536677548e+01,-7.215876958457530854e+00,-5.953685223279578942e+00,-9.683334583559121356e+00
-2.577631833165433051e+01,-1.817772996324021051e+01,-2.086813371693486019e+01,-8.197436501135101139e+00,-1.178088256588812399e+01,-1.847858113246704193e+01,-1.749620607326113131e+01,-1.308687573894603950e+01,-1.499742015106299320e+01,-7.604818869427520056e+00,2.162071890134617813e-01,-4.256743795189333213e+00,-4.963408696125018338e+00,-1.776229765608935551e+01,-1.929026491437220159e+01
-3.380023763908258871e+01,-2.353456591876010151e+01,-2.357951193627005892e+01,-1.196774119420967075e+01,-1.171670359119921123e+01,-1.017187276903635684e+01,-1.185042277348913942e+01,-1.253100655482029424e+01,-6.817774466903355091e+00,-6.881888349980762598e+00,-4.077894127941614322e+00,-1.710729770346229861e+00,-9.741768743513352646e+00,-5.634854873173975598e+00,-2.180518107348577672e+01
-2.412467615417894251e+01,-1.469460114513970339e+01,-1.654379414026944417e+01,-3.184019605472794279e+00,-9.479868459706947803e+00,-9.925861410577494937e+00,-1.116731826233313996e+01,-1.713922815759123353e+01,-9.499938570134460747e+00,-1.252048857246293601e+01,-8.169142299849449174e+00,-5.788101172450879517e+00,-3.881452531708891041e+00,-1.078576240283883791e+01,-7.864793895178938676e+00
-1.546205236379775272e+01,-5.253229421231903729e+00,-4.975571203380214413e+00,-5.990801825622176224e+00,-6.108143267908431540e+00,-8.552978237521767113e+00,-1.904613726309452559e+01,-1.314805150718285276e+01,-1.426649105958978581e+01,-3.049527907446054176e+00,-2.920469631324269066e+00,2.361789738008890360e-01,-7.687662351821041185e+00,-1.862012877366714747e+01,-1.219257084276627623e+01
-1.699263402148199020e+01,-9.862866248771037903e+00,-7.213642298948583331e+00,-1.766679380403180843e+01,-8.356872694066835194e+00,-1.424978979038525750e+01,-1.513330567385145642e+01,-1.657071245397305859e+01,-3.876547703726596517e+00,-8.832292818147566393e+00,-9.132405147567171255e+00,-8.260339484083660366e+00,-7.205408531936637218e+00,-9.363146567999535819e+00,-1.844021647924342489e+01
-2.008817440301951507e+01,-5.073638322934822753e+00,-1.029734906109377590e+01,-1.917099277923554368e+01,-1.510038559624089949e+01,-1.408261642940192715e+01,-1.554665199228896455e+01,-1.233660473585289630e+01,-5.491049811779875611e+00,-1.709512021497195056e+00,-1.812353872631224716e+00,-5.454180323655273277e+00,-7.935004494525546015e-01,-6.357135706442140766e+00,-2.253414566703144573e+01
-1.683331960585755382e+01,-4.656566046077030840e+00,-2.634159136712159288e+00,-9.573199729968312255e+00,-1.219368581592005896e+01,-1.845282190255758437e+01,-1.824887176810393896e+01,-1.325643131945529163e+01,-2.206684315645521721e+01,-8.261175083346666170e+00,-7.625016174529468671e+00,-4.574211831097186876e-01,-8.014001250931258369e+00,-4.236162681024066679e+00,-1.068079686355517488e+01
-1.438086818607675355e+01,-8.417203320123247678e+00,-5.987125339370908073e+00,-5.626659305934768263e+00,-4.479913019274688324e+00,-1.593469145894815142e+01,-1.331389937295998038e+01,-2.910562251790775434e+01,-1.261754964379644584e+01,-5.775462139528295680e+00,-1.428653517462984368e+01,-1.138443658794145286e+01,-1.418083387008310225e+01,-1.026548874473804496e+01,-1.524136139841783155e+01
-1.586955979409171924e+01,-6.523867503811111135e+00,-2.112573404679233935e+00,-1.955203359643955752e+00,-4.088587108177782703e+00,-1.603080356032734599e+01,-1.447820880902349394e+01,-2.879996760062402572e+01,-9.568131331101533021e+00,-4.270116427331256403e+00,-6.408128224316626209e+00,-1.574925562875932172e+01,-2.320768952804694862e+01,-1.247365888927820698e+01,-2.256016082147846191e+01
-1.181404640619634350e+01,-1.423687991661612884e+01,-7.229812372166569467e+00,-1.192675927697249705e+01,-3.997113213669252207e+00,-1.198111425744696490e+01,-1.624635965798928439e+01,-1.613168138119578288e+01,-5.366025482210790010e+00,-3.434196683166291564e+00,-7.107113562444872912e+00,-4.352069108273899367e+00,-5.809925464331588074e+00,-1.018747065648535788e+01,-1.036994444543897487e+01
-2.796538607883284300e+01,-9.104080380579089748e+00,-3.537448256593092921e+00,-5.243006353686716636e+00,-2.126504926778898241e+00,-1.351405662048183487e+01,-1.536935200931345058e+01,-1.418205910435410999e+01,-1.732063330247870070e+01,-1.414530290996714967e+01,-4.522445436487569026e+00,-1.435941174468064574e+01,-5.325404660482573327e+00,-4.190459906662572287e+00,-1.198913322140606041e+01
-2.001493445723078679e+01,-4.775796815062205880e+00,-1.060790521201899317e+01,-5.179073957055008393e+00,-4.836860810647949371e+00,-1.331441456493453757e+01,-1.444122676412374240e+01,-1.343415240221390405e+01,-1.207839500299963476e+01,-7.949931005763302139e+00,-2.185619945924456431e+01,-5.065818229018859142e+00,-2.892818815978021707e+00,-1.787207858218437195e+00,-2.311340437212497179e+01
-2.934756266122857937e+01,-9.509223467613328040e+00,-2.518955303012067048e+00,-6.041659721436608343e+00,-7.528887493514561768e+00,-2.012009969891818884e+01,-1.701176510230905592e+01,-1.712352748203631592e+01,-1.303036848963360406e+01,-7.126546785547166252e+00,-8.669280312175676073e+00,-5.555164872613611138e+00,-4.628857545373945115e+00,-2.203226386589468344e+00,-2.096549485491141951e+01
-2.016034431523971548e+01,-1.269026539912173668e+01,-6.152757096424045002e+00,-1.392564660513253294e+01,-9.819749677506504071e+00,-2.688074924254010156e+01,-2.063840853974057410e+01,-1.284329211673560067e+01,-2.254736876226836628e+01,-1.846478980208711462e+01,-1.840836615649601216e+00,-5.682555356377594347e-01,-4.709239531085243513e+00,-3.777076226542976922e+00,-2.395947856447661906e+01
-2.015011977197913140e+01,-6.805422033939279025e+00,-3.921457449722717925e+00,-1.071382575931561831e+01,-5.434224989301776887e+00,-1.469187561881128801e+01,-2.092637498302083543e+01,-1.768131413915642725e+01,-1.692815565785935661e+01,-2.163468641690721483e+01,-4.529005208977027408e+00,-5.091180692315704803e+00,-7.059722334691539203e+00,-9.200253809305408481e+00,-1.729685398088014381e+01
-2.129386565515533292e+01,-1.262973886411907287e+01,-1.149102043743573631e+01,-1.660048978348379478e+01,-6.266151212547792504e+00,-1.106932198488260255e+01,-1.030407627327933184e+01,-1.562151726442625588e+01,-1.392960485601036424e+01,-1.064219371010602266e+01,-7.661616837360273990e+00,-1.290564357302758047e+01,-4.916143708460226414e+00,-1.045939953300672620e+01,-1.787999400099941383e+01
-2.430272457870362857e+01,-1.227292571169074797e+01,-1.782941576449796983e+01,-3.381219664215426857e+00,-4.286268603279923539e+00,-1.134755672174375185e+01,-1.782033256216567452e+01,-1.328617558750873506e+01,-2.421473903393937732e+01,-3.121970682385705853e+00,-4.637222661047418981e+00,-1.442749681089354929e+01,-6.823965918390568319e+00,-6.721065510367147944e+00,-1.759114127129365812e+01
-3.166030396101239930e+01,-1.238624496773183736e+01,-1.084578421046194174e+00,-5.908984968281937533e+00,-7.201346376817836514e+00,-9.312246743572936580e+00,-2.608126115632260067e+01,-1.190869896989395826e+01,-4.088034865040597765e+00,-4.756813282782173857e+00,-6.772520754726828685e+00,-1.513468589132133779e+01,-1.973132002659407647e+01,-9.524977847847496903e+00,-2.238730591712274176e+01
-2.024487905687480094e+01,-1.483023278641911702e+01,1.001248448879218378e+00,-1.553469253893075885e+00,-6.658742426607958009e+00,-1.590880834436221392e+01,-2.418180365926437503e+01,-1.639768463200409698e+01,-1.368868167974843786e+01,-9.464945077292805209e+00,-1.169544456531644805e+01,-6.875235950388450590e+00,-1.108824429406372758e+01,-1.183448624418132766e+01,-1.537500025930139103e+01
-1.974904947388125009e+01,-9.980087795003761642e+00,-4.418970085089427791e+00,-6.050882338212253408e+00,-2.761526382855916140e+01,-2.317405201858358765e+01,-1.466087781818891855e+01,-1.424774244711336735e+01,-7.205578905159912395e+00,-5.718765281998861028e+00,-2.913760174994757701e+00,-5.663880602143748888e+00,-5.685819083887489356e+00,-4.081014598410164673e+00,-1.158679647782737732e+01
-2.676950378453570067e+01,-6.968407366123119395e+00,-2.119112803310695270e+01,-1.518549419910069176e+01,-2.204046784953765581e+01,-2.826287349498294432e+01,-1.385929653985519394e+01,-1.562057892955626137e+01,-6.294866124162675547e+00,-6.766006321631696352e+00,-8.367025574428698320e+00,-5.460636690408431804e+00,-2.524134256515910835e+00,-6.392648899214106173e-01,-1.586273265947290234e+01
-3.026528811945050279e+01,-8.289780887469094139e+00,-5.238917230872867314e+00,-1.538476983460944680e+01,-3.586483167542523631e+01,-1.911264712991017589e+01,-2.511534770742992251e+01,-1.258260071684656012e+01,-1.752072598694466077e+00,-4.606288321199128455e-01,-1.102732850762079053e+01,-3.209699225236619213e+00,1.018791512671881838e+00,-3.888870139139864346e+00,-1.288670465566194423e+01
-2.534446162434299055e+01,-9.059228981638149492e+00,-5.186891242071959951e+00,-3.040749847253804461e+01,-2.111071145357019674e+01,-1.427381191416516515e+01,-2.444921353387053742e+01,-1.529370439900039003e+01,-4.298116302759936502e+00,-5.806165218965235297e+00,-8.075962263957789489e+00,-4.681404495987679937e+00,-2.496647298441039808e+01,-7.994741414737006835e+00,-2.390637748942316421e+01
-2.046192443568862274e+01,-8.169810304593514871e+00,-5.577910531756025136e+00,-1.241147828442228196e+01,-2.087605864464681815e+01,-1.854533221547973909e+01,-2.013523025215724260e+01,-1.225928670668079690e+01,-5.882215035078774967e+00,-7.678030964881967790e+00,-5.748532395613353607e+00,-1.296113575291454367e+01,-1.084757472506813514e+01,-9.062524539683856517e+00,-1.285515205728277977e+01
-2.057504301537012026e+01,-1.775345869483457406e+01,-9.986067534970908710e+00,-3.050153743742632706e+00,-1.020889998188835968e+01,-1.735802820571448990e+01,-1.974434876171190467e+01,-1.705516846149392762e+01,-9.576768017257661469e+00,-1.543975597912704778e+01,-2.748998238523265414e+00,-5.784730393201142462e+00,-1.368008658467251504e+00,-2.660541540080723077e+00,-1.047943329801427481e+01
-2.478367847408574676e+01,-1.835562653192555160e+01,-7.847560346568911882e+00,-7.272668175350830211e+00,-5.844795271051570040e+00,-1.594349848364131006e+01,-2.555995455540688610e+01,-1.751016143420332938e+01,-4.008106937515564461e+00,-8.636158544232689138e+00,-8.299509105835095824e+00,-3.410507923539793929e-01,2.439152693215186130e+00,8.117623778025435666e-01,-1.394169397728220261e+01
-1.687069654385878081e+01,-1.603827652897912159e+01,-1.409009907909598525e+01,-9.524070239082453426e+00,-8.097135176879016072e+00,-9.725305213731580523e+00,-2.095114946832021374e+01,-1.473009454316584588e+01,-5.592010098257915729e+00,-2.629438261188095094e+00,-7.455434427026933264e+00,-6.485107358350838069e+00,-1.523425828715098973e+01,-2.321696866558742745e+00,-1.938224303486169120e+01
-2.437177549896691886e+01,-1.412711617485864579e+01,-6.935659706078175724e+00,-2.413172418663441121e+00,-6.812665394208905489e+00,-8.600695949876827839e+00,-9.955861282160173076e+00,-1.108563223492396688e+01,-9.497681368911530697e+00,-2.934722636681305730e+00,-6.449062702716775064e+00,-1.526609200416495682e+01,-3.182453633972514684e+00,-1.030820422229592248e+00,-1.404503817488540030e+01
-1.414108307969517142e+01,-1.415991026029215760e+01,-4.603976043599617540e+00,-6.687356382806683541e+00,-1.908808479463905172e+01,-1.408912833238963991e+01,-9.059927723145262846e+00,-1.714086469069131624e+01,-4.685547744384224167e+00,9.494160856395084114e-01,-1.376214752986397549e+01,-8.554643094881919652e+00,-4.721233070056526593e+00,-5.795709573233435385e+00,-1.588314847528780049e+01
-3.309917236712909272e+01,-7.015961794344145019e+00,-4.739829565523336008e+00,-8.126972527792709400e+00,-1.108127859352189226e+01,-1.073371007096051422e+01,-1.744561416073813476e+01,-3.508084839657489340e+01,-8.944350133680144310e+00,-7.958223124401770932e-01,-4.135368413221646167e-01,-3.682036757958401907e+00,-1.061277315738333016e+01,-8.436255905952933176e+00,-9.716963721630463624e+00
-2.716284886882959881e+01,-9.489671300937121856e+00,-8.805074017935845987e+00,-5.252689163646346415e+00,-3.973246936324165812e+00,-2.451683271783820572e+01,-1.755111933980140293e+01,-2.121512894767869639e+01,-2.266730018179107020e+01,-7.665840220302141184e+00,-5.883285143322300570e+00,-1.749236532869280936e+01,-1.701846317921879503e+01,-9.016428840568405434e+00,-1.973706506475571487e+01
-2.831568036927004428e+01,-1.796466778284183263e+01,-1.885753488643615583e+01,-5.622362994476544529e+00,-1.041569707002329537e+00,-1.147917153940228907e+01,-2.309180910926413333e+01,-2.101388722283488875e+01,-1.640328534181614373e+01,-7.937692135845755281e+00,-1.298279598974157523e+01,-6.469891506887469390e+00,-1.695722896893375164e+01,-1.351015709218394178e+01,-3.023553838669758775e+01
-1.997209246703439334e+01,-1.888956088841117165e+01,-1.534524973535735093e+01,-1.863982598480411568e+01,-6.032508542801711116e+00,-2.789971149511233151e+01,-3.697698413093849013e+01,-2.045936298210044058e+01,-4.334657212399938508e+00,-1.039869682551280583e+01,-2.429306436868287289e+00,-8.352007593757615922e+00,-8.691948151812781020e+00,-8.376948217095069538e+00,-7.499545777485354670e+00
-3.075111257272028098e+01,-1.441701242508336200e+01,-8.444700799464044394e+00,-1.698337324774426449e+01,-9.888005210158125280e+00,-1.446376445756762230e+01,-2.383668854617103250e+01,-1.526889949256392143e+01,-1.594829294002851228e+00,-9.322566792814507508e+00,-1.347401832246539977e+00,-2.989135445410243896e+00,-4.769835977382188119e+00,-1.318572324208219193e+01,-1.901858016040267785e+01
-1.889282447423681788e+01,-5.585081762392295701e+00,-5.844559605762942311e+00,-1.287800918363704206e+01,-1.940653254711233799e+01,-9.188936646882758907e+00,-3.119223852901827598e+01,-1.992772237128902901e+01,-1.605104416981419035e+00,-1.030526651248447578e+01,1.063082056840710887e+00,-1.406300510492248534e+01,-3.401851277388056261e+00,-6.057035140796590333e+00,-9.444500087328966842e+00
-1.939171788817600373e+01,-8.094686511937513984e+00,-1.389987261764250448e+01,-9.553861502864549493e+00,-6.600583663472869844e+00,-1.138996701979062465e+01,-2.357659827718174483e+01,-1.139354994631606743e+01,-1.048677776619305391e+01,-1.115462122243148640e-02,4.591265751950359686e-01,-1.993053440865086046e+01,-1.129067865496913825e+01,-8.090582131677406252e+00,-9.995643277441823571e+00
-2.769998103867266082e+01,-8.107606658673342181e+00,-2.687692823304710377e+00,-5.919712556606338438e+00,-1.506741404136784723e+01,-1.126226705663075123e+01,-2.304909353478085166e+01,-2.316820795391312160e+01,-8.973661667437475842e+00,-1.218929115469384605e+01,-3.594043079298065102e+00,-1.516825660779660900e+01,-3.868672137260671828e+00,-4.148450522869900681e+00,-2.021705929373026933e+01
-5.758382229005670183e+01,-1.054529910138804993e+01,-1.489487907446593873e+01,-1.339767438302896174e+01,-1.535926928465304542e+01,-2.309293216411257177e+01,-1.048777299383494821e+01,-1.168140099285182032e+01,-3.829285557365935677e+00,-1.184956341050685324e+01,-6.703240805406456282e+00,-1.704346709688348582e+01,-8.998406838828881149e+00,-4.677997270076557967e+00,-2.902469827336516772e+01
-1.728717720958833937e+01,-2.343321460593092809e+01,-1.424046535427027038e+01,-5.593279910663779830e+00,-7.850543526995201304e+00,-1.079122916254661391e+01,-8.817740335891702586e+00,-1.337665394078487324e+01,-4.836980764581594094e+00,-5.483980956904131038e-02,-9.516798625355036734e+00,-1.062873277498238522e+01,-1.658898794660614939e+01,-1.085660690012283780e+01,-1.903931494075880337e+01
-2.887568665395117762e+01,-1.169389184522713521e+01,-1.040082554603107390e+01,-1.161164286427779579e+01,-4.657626364973729949e+00,-1.563683803066066424e+01,-9.465822935382824710e+00,-1.263576635618907673e+01,-5.983839248857329984e+00,-3.988183417810240439e+00,-4.474783626663947800e+00,-4.502909672735128765e+00,-1.382271079856956142e+01,-1.661339272856289995e+01,-1.270194469594145126e+01
-2.780489905287527463e+01,-5.655872888171574075e+00,-4.908235525410394651e+00,-1.773372295711531166e+01,-1.120578471332185799e+01,-1.810748818993657849e+01,-1.992913972426536873e+01,-2.201351160165006959e+01,-7.149946204281071971e+00,-3.833093605357098532e+00,-1.697536772249246262e+00,-3.369072475894399066e+00,-2.052288369810235125e+01,-1.988758088181921124e+01,-1.433743056260177617e+01
-1.886710141737744806e+01,-1.206969515459995357e+01,-2.175282358206319433e+00,-5.751333752896545803e+00,-1.009970840694978023e+01,-1.700490484283397308e+01,-2.853053374712732193e+01,-1.518453935073847738e+01,-4.326167876550818470e+00,-2.678383319667083651e+00,-2.383115312240120076e+00,-2.610444374498261499e+00,-2.146106709780301713e+01,-2.382558267476579772e+01,-2.343523785191798225e+01
-3.389699785902784157e+01,-8.292105465851619783e+00,-2.441030871526072232e+00,-4.272159999985941425e+00,-1.091451412977639990e+01,-1.651169824604956560e+01,-1.060419638726307312e+01,-2.815289094088782207e+01,-1.164220190053167236e+00,-5.850016683366011883e+00,-4.717248069882370665e+00,-1.065592128317152998e+01,-5.604572012188318020e+00,-1.054783193869226032e+01,-1.986115607637163194e+01
-2.964893710322019160e+01,-8.128817432331757686e+00,-6.604892615163486802e+00,-3.167992495058238323e+00,-2.078958173888092986e+01,-1.470870555024993109e+01,-1.406157214931849531e+01,-1.353082473391258489e+01,-7.607630291108260501e+00,-4.702428071454962222e+00,-1.107094826308223290e+01,-8.740785211732580606e+00,-5.967045364220979309e+00,-6.829619053414472063e+00,-1.569737268038884359e+01
-2.183861784794469330e+01,-8.066884406643170635e+00,-6.675409647348899966e+00,-6.461895441145063756e+00,-5.846897177311901395e+00,-9.395906035080837881e+00,-1.713265043649048280e+01,-1.391347445950419370e+01,-2.681210199818089279e+01,-8.752353180118950249e+00,-3.333012686208065123e+00,-1.152737204624765077e+01,-6.621991199089829472e+00,-6.444382562645015966e+00,-1.163171449358042686e+01
-2.017464850946716837e+01,-7.830126453924142638e+00,-1.943565920613779419e+00,-9.914653192039089902e+00,-1.456149150374684709e+01,-1.162481435686813391e+01,-1.572443142098558866e+01,-1.463433069466094949e+01,-1.228584966702522596e+00,-7.324154809900362828e-01,-5.326946640123403576e+00,-2.336560398632610358e+01,-1.422726554293291867e+00,-1.035976444449025102e+01,-1.544215764630620313e+01
-2.536519438287744066e+01,-1.003248872577811568e+01,-4.055638823014339422e+00,-1.285236371012724099e+01,-2.291455311875168377e+01,-2.549788088020115495e+01,-1.339415109802302162e+01,-1.745621713455239643e+01,-1.335123729633403089e+00,2.321137787687078013e+00,-1.039605912112107333e+01,-1.593195471449598166e+01,-3.520481104140226414e+00,-1.035391754855204915e+01,-1.844554321522040397e+01
-2.308443600103217008e+01,-1.021550097941933366e+01,-2.430516545418057817e+01,-1.562538663850416576e+01,-1.311578271936392071e+01,-1.379528444747902327e+01,-9.797727418192978988e+00,-1.479154225169634174e+01,-1.241318063360599666e+01,-2.009177295914090333e+00,-1.870868974516142647e+00,-2.005753733868080246e+01,-1.325456993420341334e+01,-9.710356356827897883e+00,-1.624475668827679442e+01
-1.897087964999580123e+01,-1.067031363076075934e+01,-4.489393470558084687e+00,-2.645284133572614049e+00,-9.251629715409205090e+00,-1.257402150912811756e+01,-1.457749651088255050e+01,-7.974889885271700507e+00,-3.673762368778356269e+00,-6.290199726732867980e+00,-1.616096697973588459e+00,-1.001315515327317129e+01,-1.279262008432859155e+01,-9.161719610024498195e+00,-1.383359140852341795e+01
-3.174242698566174781e+01,-1.398930376295112410e+01,-1.165421463493043319e+01,-1.671708422700558749e+00,-8.626448326728100469e+00,-7.803731727141554941e+00,-1.578861167029795887e+01,-9.969002683721351232e+00,-6.299180133758627065e+00,-1.707834175279722189e+01,-2.804133252209382121e+01,-4.746999933232989299e+00,-1.590483896286564836e+01,-1.109769048447386197e+01,-6.613230792941317659e+00
-1.436855000123530601e+01,-9.630731825658267908e+00,-2.735995782232480966e+00,-1.042636165014938854e+01,-8.689342341261932390e+00,-1.383209650667435575e+01,-2.244095975977119295e+01,-1.055783062460857735e+01,-1.455471152229053544e+01,-1.314188076406752970e+01,-8.413808263116964170e+00,-1.761755679661357377e+01,-1.141933660339203271e+01,-1.906962445351496527e+01,-1.436314535540011406e+01
-1.384716002300228510e+01,-6.842310121647559917e+00,-1.551283008996355628e+00,-4.993218718221376307e+00,-1.134209773751401862e+01,-1.766996105720527055e+01,-2.739024909362483839e+01,-2.006255600653548044e+01,-1.425458350780732353e+01,-1.015500526983536034e+01,-1.085637545575409213e+01,-1.968330911579109888e+00,-2.615839866009820547e+00,-6.174720254396443231e+00,-2.606750991203359291e+01
-2.264554070287398702e+01,-9.600035888042897980e+00,-8.560867520420083920e+00,-3.438859256833786127e+00,-1.342145664236596048e+01,-6.498086513870051206e+00,-3.269586044257926716e+01,-1.396365987520596974e+01,-7.568874418692992379e+00,-8.315005083184910717e+00,-5.616820296936573698e+00,-1.258674706368397567e-01,-8.649164221031067967e+00,-1.083812375132317030e+01,-1.922612062056987625e+01
-2.471462954275773782e+01,-4.844173301226923023e+00,-8.100280017569039259e+00,-3.112946238352977346e+00,-4.296106204748757484e+00,-8.252910915504420686e+00,-2.004351714401563811e+01,-2.800178157464677753e+01,-5.715050902420140133e+00,-1.150992729735850517e+01,-2.334292801493253577e+00,-8.530536707369272165e+00,-2.401277089699713230e+01,-1.322437932506158731e+01,-1.135878229570353071e+01
-1.470753769366556263e+01,-6.722606173133255147e+00,-1.183406206366186808e+01,-3.793695494540365143e+00,-1.078311068400067008e+01,-1.075489011809427708e+01,-1.093524179446038502e+01,-1.107482922711160889e+01,-2.102682768299942140e+01,-7.763732184461802355e+00,-6.417499184153394154e+00,-1.582816902581998519e+01,-9.138471060901679266e+00,-9.222003705416410568e+00,-1.914271690988778118e+01
-1.508530350690186417e+01,-5.911386537603346092e+00,-3.422536837106863850e+00,-8.061763776284365690e+00,-4.302759744155847166e+00,-1.025809699937570052e+01,-1.796327889908235775e+01,-2.609376353389102121e+01,-2.632974543350539065e+01,-1.010848775837888880e+01,-5.805629153826057376e+00,-7.974597078140891249e+00,-2.600167235885658013e+00,-7.763373029019058791e+00,-1.426292776940561779e+01
-1.538409704212211437e+01,-1.222837374484032402e+01,-9.236790201428659586e+00,-2.704800774070525904e+01,-5.223174132063093111e+00,-1.899770857734803187e+01,-2.198574230297991150e+01,-1.769875284158469242e+01,-1.703284010020027850e+01,-1.170655503945519982e+01,-6.711140909322756976e+00,-4.780337785606541878e+00,-9.902427934022302480e+00,-1.474972164149893317e+01,-1.663720282545718376e+01
-3.011259342873630729e+01,-1.478215962585579746e+01,-1.391777481585455689e+01,-1.359227972700310971e+01,-4.991868383288392330e+00,-1.138850588901986427e+01,-2.156563798525360198e+01,-1.132614751397995434e+01,-4.200372560116811371e+00,8.766391291085239013e-02,-5.054536794820344348e+00,-6.943459947769988538e+00,-1.257188664041582626e+01,-1.696629317514022262e+01,-1.502945076264781932e+01
-1.876303930680510135e+01,-9.648224079166675793e+00,-3.349105637544174119e+00,-5.550864221442126656e+00,-1.009930541453843489e+01,-1.240567199586901914e+01,-2.146298947721286510e+01,-1.277977806306449438e+01,-1.090607713534832968e+01,-7.486404981005496673e-01,-7.468024892620441335e+00,-5.162197035327191763e+00,-1.320008179619341249e+01,-4.104660711701502862e+01,-1.918105863192194249e+01
-1.878375184331769887e+01,-7.131273365257351671e+00,-8.220242013565025374e+00,-1.206779658921808718e+01,-6.378348879291019458e+00,-1.249338753285124781e+01,-1.454991603496905128e+01,-1.901620245215102756e+01,-1.173131782825259428e+01,-2.208486150012582527e+00,-1.300526345531305639e+00,-1.633449412490382713e+01,-2.389995522802184169e+01,-1.440443115722158751e+01,-1.757946835144966613e+01
-1.690552598233405490e+01,-4.179545559637050545e+00,-2.849399356672029704e+00,-1.046024412661449254e+01,-2.021579896707990898e+01,-1.203761714551295547e+01,-7.812961594564519885e+00,-1.149195431420324098e+01,-6.699736481971729773e+00,7.674619709734752382e-01,-6.456744575410001907e+00,-7.616906632984479231e+00,-2.080101073589315774e+01,-1.294873022499793436e+01,-1.212807182545537721e+01
-1.873322901643379979e+01,-1.114238585840849538e+01,-3.920965794563227469e+00,-8.506099490478854719e+00,-2.100077167404277745e+01,-1.704644904704998964e+01,-1.429725466895347807e+01,-2.128339549771787276e+01,-8.678451754602377832e+00,-8.856419596830324537e+00,-1.159511082618220446e+00,-5.401327233655460525e+00,-1.551449253208954104e+01,-1.814962789308210134e+01,-2.262940328583800920e+01
-2.544120938533658460e+01,-1.514258294726077914e+01,-1.686814346914075813e+01,-4.838215065887051303e+00,-1.818474322389574382e+01,-2.765419430543765245e+01,-1.995817972902008108e+01,-2.285384806025994209e+01,-1.506251435095016689e+01,-5.613504248408133002e+00,2.620113173394206907e+00,-4.163567267101305980e+00,-1.794939185207452326e+01,-2.033953927129275030e+01,-1.306609053735120796e+01
-3.688016274289466878e+01,-1.224290471915030309e+01,-9.690105843175617295e+00,-9.068487392300037087e+00,-2.090527311571955238e+01,-1.965238226243749864e+01,-1.766927023185422030e+01,-1.045084908641088006e+01,-1.074116251596734806e+01,-5.164880901585129358e+00,-2.766083837889134145e+00,-1.426991284242298264e+00,-1.513628225695961405e+01,-1.356684500194552179e+01,-1.543063723121187003e+01
-2.549670112445285497e+01,-5.402140592568289712e+00,-2.556373296372972170e+00,-7.574724058261867121e+00,-1.879720170760695908e+01,-2.168924072021262361e+01,-1.360511478180134226e+01,-1.977279080772479247e+01,-3.662383137412932310e+00,-1.877613613302054230e+00,-2.082982897606159156e+01,-1.019815595867339297e+01,-6.004090468028630667e+00,-1.300740593139863321e+01,-1.048140352852706414e+01
-1.803053692040622025e+01,-5.546154404911357361e+00,-5.923314376361837219e+00,-6.890734722215093200e+00,-9.440295118172928213e+00,-1.536255621113717496e+01,-1.565826870298598017e+01,-1.082896893161110796e+01,-1.750496647041835629e+01,-1.045256736518014584e+01,-5.094315472341151008e+00,-7.006987474258680848e+00,-1.148547370355883362e-01,-9.901878034959766595e+00,-1.888472383696484158e+01
-1.620140092203731541e+01,-7.172673365035988624e+00,-2.018502334157421974e+00,-6.512665849897131487e+00,-1.297280765627417765e+01,-2.328540535069833339e+01,-1.445757994430485383e+01,-1.606106145425593112e+01,-2.008586762341444754e+01,-1.434309570776760800e+01,-7.097684469865330747e+00,-1.482049334215552738e+00,-8.695953830152348019e+00,-3.688572035069302757e+00,-2.580949776567217668e+01
-1.515572416957914115e+01,-6.545097506474645499e+00,-1.380946083046732831e+01,-5.522820873692588783e+00,-2.088018829802028264e+01,-1.415135066673883379e+01,-9.800255915396785866e+00,-1.092707426137924642e+01,-1.518909070890406809e+01,-1.001297066986849416e+01,-1.120520721724706092e+01,-1.271597858551855253e+01,-1.476952100687380032e+00,-2.756737813267502446e+00,-1.229445850433118537e+01
-2.776249234594107307e+01,-1.911181565149198391e+01,-7.772343290156356943e+00,-4.481781838431112774e+00,-7.937412918147424890e+00,-1.629556183839812888e+01,-1.270180741463525997e+01,-2.104657206497871869e+01,-1.893464114840361745e+01,-1.519687126414579126e+01,-1.341022623945847592e+01,-1.800609345830284624e+01,-1.085180981156560520e+01,-1.062585891824749318e+01,-1.254411339234378531e+01
-1.804710772194192714e+01,-2.438913418383027221e+01,-1.124028547045330129e+01,-2.055549576810996815e+00,-8.121821846933588773e+00,-1.019838865782518589e+01,-1.237836509694891163e+01,-9.513855746115710943e+00,-1.296381095434850650e+01,-1.801639436265605809e+01,-4.337078263852936821e+00,-6.217163400890724390e+00,-1.541862402895708861e+01,-1.617315400192997998e+01,-1.839372201567978848e+01
-2.669482268960013016e+01,-2.847129588010801626e+01,-2.043156079935242531e+01,-8.226941833609227928e+00,-3.215226400495409820e+01,-1.999840292928713126e+01,-9.772523488689135007e+00,-1.268318641479983100e+01,-7.455569403247769067e+00,-4.405198910987587979e+00,-3.587841201759436327e+00,-4.594303216066899509e+00,-1.432738939346150708e+01,-2.438774099333026157e+01,-3.102786014944967263e+01
-2.526634689634679276e+01,-2.246667330529744078e+01,-1.581262419220011139e+01,-1.500678072975681587e+01,-7.431131703407716671e+00,-8.187924527567819410e+00,-8.463899974819673488e+00,-2.473377349155510885e+01,-8.121731913008296999e+00,-9.440535914881490243e+00,-1.645292524680398571e+01,-1.797022394306787874e+01,-1.974020205417036067e+01,-1.729875377110638368e+01,-1.552254527623465385e+01
-2.176751180705508659e+01,-9.777617996361755104e+00,-9.705571156246424636e+00,-4.617219279753080663e+00,-8.021637658426307382e+00,-1.099809776218354429e+01,-9.261750021123784649e+00,-3.245484816473046408e+01,-2.279795336194997546e+01,-1.012666270274041125e+01,-7.798020124705279166e+00,-8.113267227335175136e+00,-6.748844239205144646e+00,-1.472327264451098827e+01,-1.458598031288249786e+01
-2.570999722010794741e+01,-7.335352319066592131e+00,-4.493322932435099837e+00,-7.768285094824767256e+00,-1.242494927181829922e+01,-1.241537187254749597e+01,-7.223881911021068802e+00,-1.208264378685998253e+01,-1.607382627897364102e+01,-1.316800257621702208e+01,-2.470058782718103529e+00,-1.154676128192900109e+00,1.371846039206716661e+00,-3.427590606132557838e+00,-1.474698179166607304e+01
-2.356701027448878349e+01,-1.492858641758797589e+01,-1.968698536439120161e+01,-2.703293393752173035e+00,-2.891617467571317324e+00,-1.615711032726541063e+01,-1.017212145776345444e+01,-1.137022255880301458e+01,-3.645746174189189226e+00,-1.435968464245181764e+00,-1.470834963333434331e+01,-6.969313372514365668e+00,-2.965621419634257183e+00,-6.421035073774984170e+00,-2.530055243715178648e+01
-1.791513392514545799e+01,-1.687998624201942377e+01,-1.149638623977157081e+01,-2.862269572966719799e+00,-8.173165225761515273e+00,-1.387069431883681503e+01,-1.675193248848883343e+01,-1.747565798192200504e+01,-6.777780997832572041e+00,-5.389464197450668514e+00,-2.905799573480194908e+00,-1.705645910585336011e+01,-9.330899411416545775e+00,-1.585669018733909752e+01,-1.416865795518095794e+01
-1.867623845715420217e+01,-1.919682630292176384e+01,-7.335467995237791250e+00,-7.674381166671196297e+00,-3.773264053291333298e+00,-1.210602406308589352e+01,-1.098046845225684187e+01,-1.387000749754697893e+01,-5.280361740247779601e+00,-7.896224135633536534e+00,-8.162781078984135519e+00,-1.091712778134405859e+01,-1.589796433928312780e+01,-1.165245820694014789e+01,-1.086958951127820683e+01
-2.500122760725870563e+01,-1.891563938094659747e+01,-1.546600953122449873e+01,-1.881954613150161038e+01,-6.418142469510900838e+00,-1.054090617007045338e+01,-1.013142686733290176e+01,-2.036087113370502166e+01,-1.063227640458980972e+01,-2.258159684232336417e+01,-5.933983931694214675e+00,-3.342783587949250013e+00,-3.042617884833747866e+01,-1.159562802708820506e+01,-1.524898105141838656e+01
-1.862448563194228157e+01,-2.653497000978074993e+01,-1.249344577765010911e+01,-8.743889095774383335e+00,-3.620215194443646922e+00,-2.380787070452630516e+01,-2.403704810757656674e+01,-2.926001708104008614e+01,-2.034586888980345520e+01,-7.651012390481135128e+00,-1.655290985083693300e+01,-4.769656821686956150e+00,-2.535719111901158840e+01,-1.948737126035997846e+01,-2.255879106793874200e+01
-1.549061199010250256e+01,-1.274991019005589976e+01,-2.407028260603809855e+01,-5.533580817230352444e+00,-1.528616707619413617e+01,-8.680531758774749918e+00,-1.628950862800363808e+01,-1.357778477193903832e+01,-1.133032439487080012e+01,-9.150406303021448196e+00,-1.094213332117076387e+00,-2.648399086819537729e+00,-1.307316101633426975e+01,-1.539941470640928145e+01,-2.715751086469106212e+01
-2.030752091429226880e+01,-6.207895138598459539e+00,-4.659195742633406745e+00,-1.880106318930037190e+01,-1.867402249521852653e+01,-1.952996910687323151e+01,-1.109476439413552029e+01,-1.928759326301577914e+01,-3.878684169741410059e+00,-7.194216655574171781e+00,-7.095801785545478246e+00,-1.044454173728808755e+01,-1.572031878601829913e+00,-1.343719959682107046e+01,-2.694824446375941207e+01
-3.495551651938716020e+01,-1.355302483244608425e+01,-6.346654505887750375e+00,-4.225220825333154906e+00,-1.872735165194349705e+01,-1.128175831332992018e+01,-1.403555791523547924e+01,-9.734009711816851151e+00,-1.514123928427555299e+01,-6.168835517689754688e+00,-4.445317753301687880e+00,-1.010611536444173630e+01,-3.539590091006456496e-01,-1.928217927529945896e+01,-3.071001495755610478e+01
-3.273130655501270070e+01,-3.250187659578526223e+01,-1.263594047039634205e+01,-1.422864436289640722e+01,-7.140405487591636735e+00,-9.454111507805940562e+00,-1.616436366374416167e+01,-1.555139404307478834e+01,-2.547453094167244814e+01,-1.374214136782231854e+01,-7.741640320641671735e+00,-7.954139887121848496e+00,-3.592635113716903028e+00,-9.088925962028545413e+00,-3.610358955411387427e+01
-4.104852201845331905e+01,-1.404564670365366652e+01,-3.892608632786109801e+00,-8.189888727938134494e+00,-8.708190701000306788e+00,-2.672302807348998499e+01,-1.948796689271846816e+01,-1.280970559568380018e+01,-2.034401430836385316e+01,-1.177089899425853403e+01,-9.797263320282656451e+00,-3.733879387362206259e+00,-3.690270942805137899e+00,-1.240822103653178310e+01,-2.186782628172975862e+01
-3.221651461229490110e+01,-8.035174027414250020e+00,-1.451242203929984154e+00,-7.056232538104477925e+00,-1.223635084568116227e+01,-1.934505324215277611e+01,-2.743659034811495090e+01,-1.665155873135998021e+01,-1.397530545147002634e+01,-6.121603032669613143e+00,-3.509069723911232508e+00,-8.144673149928715716e+00,-1.060911501482816099e+01,-4.478120721395777082e+01,-2.283991013323601749e+01
-2.202176597541957648e+01,-1.057704973764263912e+01,-7.069662910923414145e+00,-4.824572098256042096e+01,-1.340431741035830981e+01,-1.593592973239135446e+01,-2.699183102639462106e+01,-1.761913024215597545e+01,-1.676397527813246313e+01,-1.258061761107359011e+01,-2.393357808855209612e+01,-3.660282033745133390e+00,-1.868277036438193051e+01,-1.484595578209215816e+01,-1.772659275754924479e+01
-2.086630950736121903e+01,-8.805327208286939822e+00,-1.178521515347904369e+01,-3.902113474426158302e+00,-1.239382959095157233e+01,-1.193376922243147398e+01,-2.744701532679605904e+01,-2.037949804313990398e+01,-3.136881190107368411e+01,-1.024437629462658350e+01,-5.026378833211295749e+00,-2.647198637005415023e+00,-1.820329246702183923e+01,-1.075895772271894302e+01,-1.171750759155715294e+01
-2.409520278408917804e+01,-9.061887175900235292e+00,-5.297555667162168191e+00,-1.351680799082286111e+00,-8.532468771320898426e+00,-1.211068634508231590e+01,-2.926079567161497508e+01,-3.910779989324673522e+01,-3.007431545980272958e+01,-2.689800956013901612e+01,-1.603638415645976201e+00,-1.170606890090414609e+01,-6.651099378402870244e+00,-1.041473153058876733e+01,-1.640857301549193537e+01
-4.043449793472019849e+01,-7.865715766394679065e+00,-1.833365561498189322e+01,-5.104435570302295666e+00,-8.123779692862607149e+00,-7.835062556996927441e+00,-3.225413210790173935e+01,-3.131264107934450180e+01,-1.811834193184166253e+01,-4.076665111577182365e+00,-6.378499698086304015e+00,-5.689097980786918640e+00,-2.066423608513365373e+00,-8.992127575139631901e+00,-1.658936525664813999e+01
-2.790850497658162865e+01,-8.582751603715257360e+00,-4.376537481365986082e+00,-5.742073264468274374e+00,-3.865217038092504609e+00,-7.873725349001495566e+00,-2.887239835927136156e+01,-2.686821284518346431e+01,-2.627521317574128190e+01,-2.866235712112794154e+00,-4.320259784551993221e+00,-1.188977063759324437e+01,-6.216083900980752475e+00,-1.830234711154031402e+01,-2.287835074195366047e+01
-2.859873350448529195e+01,-1.614194008849478834e+01,-1.309801214726245888e+01,-1.504016286879218889e+01,-5.866410448454790760e+00,-1.360907723777735434e+01,-2.655988528237207902e+01,-1.720554885689001523e+01,-2.351401015739191536e+01,-4.830650212210850114e+00,-8.913197512568039826e+00,-6.799217155647230282e-02,-2.888523926262070773e+00,-7.512166568463472416e+00,-2.441132507894042902e+01
-2.285535129258461140e+01,-1.759391609711537541e+01,-7.879331211517567546e+00,-1.016740630228360587e+01,-1.095513446895775900e+01,-2.263643170403297944e+01,-1.206368476583720373e+01,-1.759162372080385595e+01,-9.081587827511054201e+00,-1.336526486254435220e+01,-1.978312756036216147e+00,-3.068598073718142860e+00,1.071336656683637090e+00,-1.007976652504334680e+01,-1.327058387728756728e+01
-1.851101104028573019e+01,-6.526933513634510575e+00,-4.848764879994222454e+00,-5.940571021474314151e+00,-4.794714092153100182e+00,-1.223283677712573692e+01,-1.548751117706817837e+01,-1.438724602940385111e+01,-6.778918433402534305e+00,-1.626475500677877495e-01,-4.350221732048431988e+00,-2.971095868245662075e+00,-8.332431371919463814e+00,-1.143011060980458637e+01,-1.703120374760949218e+01
-1.910879970621652646e+01,-7.644267886090228004e+00,-2.259991548343277756e+01,-1.424606379730988870e+01,-4.887783277255478787e+00,-2.570842200800942123e+01,-1.253874303702402493e+01,-1.054009419326789754e+01,-5.159422649449012965e+00,-4.843608928694159488e+00,-1.365868319585031543e+01,-1.358344741511132270e+00,-5.857595712626547879e+00,-2.714551745264943250e+01,-2.854519839988778429e+01
-2.337083785589680218e+01,-1.356888870421658666e+01,-1.751520331423047594e+01,-1.007962335354000416e+01,-4.883846553273368585e+00,-2.444014498900880739e+01,-1.938779989299946749e+01,-2.283833047752396794e+01,-1.575143411961986706e+00,-8.151250005081411842e+00,-5.384904511001202820e+00,-5.465908357452442523e+00,-1.204429625364593015e+01,-2.742082098297896664e+01,-1.795047972386909407e+01
-2.669808184299067833e+01,-1.205488260443763338e+01,-1.135690957516158051e+01,-4.912691301848987280e+00,-1.648621901676635559e+01,-2.008497110195083835e+01,-1.045398226377941775e+01,-9.955509975363668218e+00,-2.834931406528778286e+00,-3.319162314369096478e+00,-5.419486208890285539e+00,-9.679511091495015762e+00,-6.999298602685470883e+00,-6.440814567676916624e+00,-1.438577264908038877e+01
-2.499958112410896405e+01,-1.049077715864413918e+01,-3.372038987247844677e+00,-7.990409700087786504e+00,-1.394592816719984185e+01,-1.095172313469580416e+01,-2.422380740594169168e+01,-1.570031103461658617e+01,-6.249306015895946587e+00,-1.172892496415051333e+01,-5.058828704431376444e+00,-1.515988118716436084e+01,-4.714406338400877416e+00,-1.027143601986351129e+01,-9.769678956657102731e+00
-2.157271846039666485e+01,-7.191702859483635635e+00,-1.516733873385572018e+01,-5.251617239594428277e+00,-9.834360215451177112e+00,-1.866958401308831483e+01,-1.328396497353919337e+01,-1.380135490013482524e+01,-7.367047361310100406e+00,-3.144665852766149960e+00,-1.178835209957134111e+01,-3.344725506303131368e+01,-2.136891358298114696e+01,-2.079803484387934631e+01,-1.682903531754571702e+01
-2.274950443275450240e+01,-6.639633500591724413e+00,-6.006296696271621549e+00,-6.954104046466068390e+00,-6.140377940794278899e+00,-1.270285567860323539e+01,-1.536489131930024143e+01,-1.768978815733352761e+01,-3.331018319296565267e+01,-1.019337440986124577e+01,-1.953260260850883157e+01,-3.070073061232145761e+01,-2.645857678141599223e+01,-2.136751686426740093e+01,-3.331113640778850993e+01
-2.118796605753818341e+01,-3.662677237986820433e+00,-1.002431016379462392e+01,-1.056377440907483312e+01,-1.506652840923245762e+01,-8.951809026427694604e+00,-1.851230303348978978e+01,-2.523046220623870539e+01,-2.284750386058925997e+01,-1.110650532330731721e+01,-1.528810231558965960e+01,-2.227541538696099366e+01,-2.111412187809614949e+01,-2.167701812550527052e+01,-2.628266902412136119e+01
-1.808121501133534181e+01,-4.510947145858514418e+00,-7.745567174518182968e-03,-2.105203905020128108e+00,-4.029305388685656197e+01,-1.316803927133761576e+01,-2.018175108552967245e+01,-1.496251945860882238e+01,-1.673646675539924900e+01,-7.698387148973177219e+00,-8.287421481562430969e+00,-2.276107028938033849e+01,-2.692559718834234062e+01,-1.047340115523753390e+01,-1.423996881008548776e+01
-1.736254518555460535e+01,-1.356039484692331598e+01,-6.992571829640753300e+00,-3.318799980568711838e+00,-1.761935003192917648e+01,-1.033269780113251457e+01,-1.369511641242576161e+01,-2.499528757608231899e+01,-1.346680357341075762e+01,-9.199262566911455608e+00,-1.033513108695063742e+01,-9.415742729724845717e+00,-3.790963525073849372e+00,-1.069691375739903805e+01,-1.949353536905821827e+01
-2.606890188033517575e+01,-5.914131462347040902e+00,-4.351763813421100302e+00,-1.572453876429241726e+00,-5.607228958478409631e+00,-1.239291632826333434e+01,-1.212513222359145004e+01,-1.046737637097257334e+01,-5.249568161363470153e+00,-1.358013809950735151e+01,-1.268555031527580823e+01,-3.204841117580370380e+00,-5.103133241234891315e+00,-1.007258427602406847e+01,-2.087555199722955024e+01
-2.379818808712403921e+01,-6.975875260664087030e+00,6.745126064925476179e-03,-3.197762995730457192e+00,-3.103810827389025562e+01,-1.299740330653858855e+01,-2.457049172745219323e+01,-3.578157563827856791e+01,-1.029805022618102939e+01,-7.278406549701540662e+00,-6.697215128597051148e+00,-7.774416088058803354e+00,-1.813531659444411659e+01,-1.487224158870922786e+01,-2.361259536318428331e+01
-2.211312349306403036e+01,-8.818020394819232166e+00,-5.068038476148907456e+00,-1.547192081894236892e+01,-2.177907979195713040e+01,-1.185293945809042349e+01,-1.740087815673323135e+01,-1.638591987109991521e+01,-1.888830046003563012e+01,-1.099964321009093204e+01,-9.791159948179346983e+00,-1.107519116103158296e+01,-3.769625359850406809e+00,-7.867090749044002962e+00,-2.136358844746628094e+01
-2.082276197272903673e+01,-3.571368194092969794e+00,-3.180381911964885511e+00,-1.109251927697252604e+01,-2.018089803216089351e+01,-1.101791769975855040e+01,-1.963027476693580198e+01,-1.599727484750758144e+01,-1.141328440825010837e+01,-5.906369299185984190e+00,-1.395894160897505643e+01,-3.567035833105819620e+00,-5.123258023751221302e+00,-9.460309192228145037e+00,-1.042480302712657014e+01
-1.900053484103921519e+01,-1.463470925836119996e+01,-1.197040253876730453e+01,-6.006132331956899328e+00,-1.646060311834461132e+01,-1.344199244870157806e+01,-2.441794099998583079e+01,-1.736247220459519980e+01,-5.811320669681857787e+00,-7.708994395501449048e+00,-6.104362339335419385e+00,-9.663315810457867583e-02,-2.005493476932881602e+00,-7.994789325512484446e+00,-1.661311229382936716e+01
-2.296239289470046074e+01,-1.521740473834855401e+01,-1.449323993819758449e+01,-1.317640496545191731e+01,-1.424088795054796641e+01,-2.409277448388622389e+01,-1.081336754666182642e+01,-2.328998175492634104e+01,-9.655004403925071088e+00,-1.515749099430635383e+01,-3.953656384753266195e+00,-3.750800162425540929e+00,-8.063710882348019027e+00,-9.249982196627806630e+00,-1.284322605955754248e+01
-2.420920089898804051e+01,-7.590695470915415299e+00,-1.350370042409998739e+01,-1.826105351270132360e+01,-2.068864324939602284e+01,-1.219796468019988644e+01,-1.203488833534406943e+01,-1.677227980511455740e+01,-1.383284677445814737e+01,-1.675026802347503363e+01,-1.307848163869712010e+01,-1.383682352219201661e+01,-2.167858157050357804e+01,-7.743179815010277522e+00,-1.386099595009794072e+01
-3.163569934321666111e+01,-3.994607845687808023e+00,-7.210257815578051677e+00,-2.675003933413078983e+01,-2.786454978114775471e+01,-1.282467068618554862e+01,-1.386917746234423632e+01,-1.658701688708606881e+01,-1.947660518180121514e+01,-1.195109023412003602e+01,-9.226487062760869051e+00,-1.766927476363960992e+01,-1.899946747006995906e+01,-1.318295103531423429e+01,-1.722839734744294660e+01
-1.984043795074820693e+01,-4.449840815502936309e+00,-1.004998181287634473e+01,-1.932514664262976822e+01,-1.550362667848748899e+01,-3.345433618899142658e+01,-1.133734665374362649e+01,-2.869140165068314730e+01,-2.040494795847264342e+01,-9.977186041181687060e+00,-5.075861063759471214e+00,-1.846586536052496541e+01,-2.660457995335201886e+01,-2.776705449427852912e+01,-3.120776192287384276e+01
-2.838841877785847956e+01,-1.127164264094728452e+01,-6.725459365433179570e+00,-6.655415856358870563e+00,-1.276697838360454540e+01,-1.887368047465149345e+01,-1.830930578450777091e+01,-1.122141790626475633e+01,-1.661136654184208794e+01,-8.909583436373871734e+00,-1.118506577456061457e+01,-1.951053891081377856e+01,-3.346971696694377840e+01,-2.157755546952390446e+01,-1.866705817468456985e+01
-2.093132035846383587e+01,-1.800251456798818595e+01,-1.178971760143901193e+01,-7.190917947944156730e+00,-2.120126038137684432e+01,-1.858198598952243685e+01,-2.043310349101394863e+01,-1.422472439752944595e+01,-1.387750688585760983e+01,-8.773351687629798334e+00,-9.714571100946342241e+00,-1.721403770242954678e+01,-3.005115340399012780e+01,-1.443243013768405802e+01,-1.502836847088237882e+01
-1.850606167826737547e+01,-9.425703584597407314e+00,-1.578069193003556414e+01,-3.052458237965742782e+00,-1.216573869590345680e+01,-1.712676801428064266e+01,-2.135295077737340819e+01,-1.528143337387775347e+01,-2.139616549663371003e+01,-1.621813505301258829e+01,-4.149442460717976289e+00,-1.391576461502816997e+01,-2.567321948008157406e+01,-1.234939900447496086e+01,-1.249309013995275386e+01
-1.657563043883988740e+01,-7.100074146535817476e+00,1.766286469324918507e+00,9.226921314097138449e-01,-1.650947361179916228e+01,-2.858063956702127228e+01,-2.328070030822515690e+01,-2.054495246806598985e+01,-3.062486197041593172e+01,-1.461218765883380755e+01,-1.112492684319990488e+01,-6.729670302642054125e+00,-2.263375703587110266e+01,-1.164607006817578494e+01,-1.256611251313505484e+01
-1.573139420489602713e+01,-1.094139881746594156e+01,-3.987772346234747634e+00,-5.933257046620957986e+00,-2.181269220209543391e+01,-1.940023604099030763e+01,-2.084244686149103742e+01,-1.556283506252033710e+01,-2.128196474521936921e+01,-1.466587608108556040e+01,-9.929305155037956965e+00,-3.129854942496057557e+00,-1.113653480220495373e+00,-1.105007697377238252e+01,-2.200542618934031935e+01
-2.340458824904782276e+01,-7.576253303444202558e+00,-1.018496527895984771e+00,-3.974626874796597598e+00,-1.280455638964218323e+01,-1.440974649744927305e+01,-1.823287170592817219e+01,-1.671942028898328658e+01,-1.724646385464481924e+01,-1.228460310464587657e+01,-1.064324881912764909e+01,-1.495331897416140521e+01,1.068292928822849097e+00,-4.884689421182609514e+00,-2.225088780060656291e+01
-2.831431889569484994e+01,-1.208168904663291698e+01,-7.691480052803947309e+00,-1.137868768492911542e+01,-1.978202209052731320e+01,-1.479180014060836434e+01,-8.843731747401623267e+00,-1.073541969438177546e+01,-8.803764995986709252e+00,-7.107933382485205343e+00,-1.661365393243961464e+01,-1.240866032398695928e+01,-6.560754604064559459e+00,-6.134895280285171282e+00,-1.838286169005818493e+01
-2.160333484901024192e+01,-5.115229661832028540e+00,-2.550702893579867236e+00,-1.512173878135290250e+00,-4.037571729789232400e+00,-1.162841323733410093e+01,-1.531221645308860246e+01,-1.357768123981647967e+01,-6.205475735224318612e+00,-1.318809481999792510e+01,-1.295078557867261182e+01,-2.585321560651798301e+00,-1.405540919787173948e+01,-1.023200988624940244e+01,-2.065940836110544865e+01
-2.541437707828693249e+01,-7.720453847593509167e+00,2.102721799598956109e-01,-7.342275902586683500e+00,-3.620157750946684683e+00,-1.355152838485030742e+01,-1.672258794648698554e+01,-1.395586110353319498e+01,-1.393471818670876594e+01,-1.490916474051460661e+01,-4.236744488852935753e+00,1.216930418336724218e+00,-2.115484927887981481e+00,-7.809195430282038330e+00,-2.522534492987675847e+01
-2.659885483376056925e+01,-1.039064981831769252e+01,-7.250089025015117983e+00,-5.623722052189390475e+00,-1.229951409442059429e+01,-1.171492224789479764e+01,-1.789981443843243980e+01,-1.042988043959034528e+01,-4.160402594212651017e+00,-2.856325937682345995e+00,-4.031170566193441829e+00,-1.200664991240337898e+01,-1.916472248763342279e+01,-1.474447212968765797e+01,-2.532979823606479997e+01
-2.693655614233311724e+01,-9.975174088231693048e+00,-3.076503475314924518e+00,-5.920168616454572152e+00,-2.421659769801784634e+01,-1.477727739417705166e+01,-9.414762062548268418e+00,-1.899517080099777644e+01,-2.721806312787506243e+01,-7.074991388925713220e-01,-7.895812891412562706e+00,-8.359787402264814204e+00,-7.927216750018275526e+00,-7.991578671499704356e+00,-4.110158551569434593e+01
-3.024185557716030814e+01,-8.551528999888613924e+00,-4.919851451493178374e+00,-8.513217040852902429e+00,-2.449835524661582298e+01,-1.888719147380053442e+01,-8.747416377935694598e+00,-1.303403008444554523e+01,-1.389463275168095180e+01,1.160890827817490978e+00,5.205008815020850665e-01,-7.058894191515058480e+00,-1.594497614105978012e-01,-4.692738518062409270e+00,-3.064906355266185756e+01
-3.161978084233358999e+01,-1.034705510697441966e+01,-2.256690313410491644e+00,-3.095047480830807274e+00,-1.915793780107819089e+01,-1.260448293439214318e+01,-8.878388535291223960e+00,-1.708177235523974957e+01,-3.738100248633874578e+00,7.993772306390682925e-01,-4.930976648014125274e+00,-2.760353664341457236e+00,5.523557139591315224e-01,-6.018729672811502951e+00,-2.336650832532630773e+01
-3.173552958472154017e+01,-7.043244141562389871e+00,-1.844328660037484635e+00,-2.334265212279993307e+01,-8.300560085831575563e+00,-1.141329335842733883e+01,-1.069043060205832241e+01,-1.966373567173952353e+01,-9.279912192447314467e+00,-5.906821600002844619e+00,-5.824447493574266943e+00,-9.346970220343822078e+00,-1.975821654345778722e+00,-4.405240763059138587e+00,-1.843129182161232649e+01
-3.165689775910689008e+01,-3.586446455213018858e+00,-5.947570240485868354e+00,-2.351981374277177572e+00,-6.965655144078056971e+00,-9.940369427624188958e+00,-9.554131473346137327e+00,-1.282791665376491430e+01,-9.920930031224457935e+00,-4.127233178963237492e+00,-4.618561408292086945e+00,-1.166658534892189536e+01,-2.042760542085414244e+01,-1.313874736457826486e+01,-3.186546979328916152e+01
-2.340210970690117165e+01,-8.384010244720499827e+00,-6.784345641506912550e+00,-4.989330801507461111e+00,-9.845054355374529109e+00,-8.251674231217480227e+00,-9.785930146798676788e+00,-1.658483006345053212e+01,-5.660271151196541339e+00,-3.888597302749523976e+00,-1.398849221919564201e+01,-4.802790634480463616e+00,-1.578673788232589459e+01,-2.252790096012896726e+01,-2.387031645969028304e+01
-2.040809330675594779e+01,-1.203195055446259687e+01,-1.046653272791186140e+00,-6.348284521811223158e+00,-1.397526358045742256e+01,-9.136711763710062328e+00,-8.236389983503663359e+00,-1.114831922845306345e+01,-8.027848558032532722e+00,-6.351087701695966814e+00,-7.848042916113318945e+00,-8.164576075217100382e+00,-1.580415225085610587e+01,-2.452847841733852974e+01,-3.334160449673663607e+01
-1.929425082029698046e+01,-7.125111881589357488e+00,-1.510956751975056855e+00,-1.969401874069806935e+00,-3.358929230813658684e+00,-2.055641010108922018e+01,-1.078987331606209210e+01,-1.000086090530647809e+01,-4.250593152902803595e+00,-7.287560041617101803e+00,-1.058573714563597612e+01,-1.939920888740621052e+01,-1.849555151799818020e+01,-2.414564266636693191e+01,-2.007701654921494594e+01
-1.935320253959652348e+01,-1.362626008219029394e+01,-3.648754490261642225e+00,-6.881651159234364101e+00,-3.587601429893424232e+00,-2.484994173749124258e+01,-1.984167138653104345e+01,-3.404423777755916092e+01,-5.745751304538408988e+00,-1.791170119154136842e+01,-1.178270547131566204e+01,-8.977541336813443351e+00,-1.675291451171445800e+01,-2.640441036457796287e+01,-1.808770492781806638e+01
-2.088111358523732264e+01,-6.968142464809132797e+00,-6.274830868335872225e+00,-5.442048101165930518e+00,-9.793396817622950223e+00,-1.018829401244257404e+01,-1.008548382478115357e+01,-9.794091884603593812e+00,-4.999913823196663110e+00,-8.699071544492637642e+00,-7.800774963390201933e+00,-4.743725137615964371e+00,-1.416511414065556629e+01,-1.992742406825758650e+01,-2.405272274719129300e+01
-2.796661827638171260e+01,-1.188539899098650210e+01,-1.095955549105448412e+01,-1.885785630009843317e+01,-3.923307837220384897e+00,-2.271018419802582144e+01,-7.158036212696576861e+00,-1.541806682319469246e+01,-1.521422243146264819e+01,-4.971423830324834370e+00,-1.400303122150354085e+01,-1.177972356691105560e+01,-1.816616595108627763e+01,-2.999962336030428389e+01,-3.419474682607860672e+01
-2.290813312705476790e+01,-1.940025096540384553e+01,-8.423521806728732741e+00,-6.110777917326758235e+00,-4.425493242892224011e+00,-9.226708343385526589e+00,-1.282097240168925012e+01,-1.932760602338098721e+01,-2.516973176369604204e+01,-4.737877116209611827e+00,-9.179569790298806709e+00,-1.597708791348646429e+01,-1.130194371703768397e+01,-1.143668259858782577e+01,-3.480844462170803411e+01
-2.078867809475103101e+01,-2.487425910110973248e+01,-5.656372960593795796e+00,-6.418652750095509063e+00,-3.737121127487509575e+00,-1.216564597778337919e+01,-1.652058885800185450e+01,-1.460114770391594519e+01,-2.227286373695515920e+01,-4.988006158458802908e+00,-1.227339831053433983e+01,-1.761256097490421269e+01,-2.167067333822354946e+00,-8.354211750584282115e+00,-1.384753417138650455e+01
-1.723282162930355454e+01,-1.339028372086313645e+01,-4.465989866404937558e+00,-7.532098933057645773e+00,-2.627532656781367493e+00,-9.514017075729872985e+00,-1.251351086993436468e+01,-2.286329942520713843e+01,-1.592847310499390545e+01,-1.052125956786559513e+01,-1.196792739742211964e+01,-1.561830057150423379e+01,-2.553539581870858832e+00,-7.959827913381733566e+00,-1.545637393548430616e+01
-1.842929316056006428e+01,-5.941920802677859825e+00,-4.997307538698398943e+00,-2.036209237918942350e+01,-1.998097176316368007e+01,-1.285727937300373824e+01,-1.683099121615035187e+01,-1.207073910633583935e+01,-8.896969631629573882e+00,-7.055424365850152313e+00,-6.115678432567825062e+00,-3.842736927440586925e+00,-3.578663152548533066e+00,-1.430618962043302744e+01,-2.043312355227676136e+01
-2.258272586686793559e+01,-8.832230772655048412e+00,-1.350833685896732739e+01,-2.407899494184728795e+01,-1.080445200194869493e+01,-8.735984458324317359e+00,-1.988759990840419789e+01,-1.621346146258954590e+01,-6.141794966983781023e+00,-4.339971885119250139e+00,-8.218312101887354615e+00,-1.006723830193618063e+01,-1.529608256869453164e+01,-8.995319619576989112e+00,-1.883665372539546112e+01
-1.681315805509513339e+01,-4.872819244059636290e+00,-2.206884228488950495e+00,-9.797391844276052808e+00,-4.425032017832823961e+00,-1.783364995240703266e+01,-2.081357527696154008e+01,-1.227165356094563897e+01,-1.388187571062494463e+01,-1.645044661631279581e+01,-1.078557971933996562e+01,-1.436937515768292073e+01,-1.130423361107275326e+01,-9.433507253655674774e+00,-1.717617524752190761e+01
-1.429266970758932942e+01,-1.272010413958629371e+01,-1.289888081485184079e+00,-5.057015605516727241e+00,-2.886275451934118053e+00,-1.324796882802099240e+01,-3.278631655333299477e+01,-1.667723080692676874e+01,-1.114648296656190496e+01,-7.090296666987186747e+00,-1.406279405194786136e+01,-2.041233129223581244e+00,-9.101835110368037718e+00,-1.878588213421078024e+01,-1.660170168203478980e+01
-1.664202482963728613e+01,-5.199062206231652716e+00,-4.582902818779417409e+00,-9.020840616185644478e+00,-1.066654893867542953e+01,-4.272699997204671973e+01,-1.564409010722511262e+01,-1.563038859107817657e+01,-4.240363053600692211e+00,-1.434112008284109763e+01,-6.672187813829517644e+00,-3.181696567919213514e+00,-7.459894560700038646e+00,-1.760080077842974688e+01,-1.471644460056605297e+01
-2.347800781412049531e+01,-1.585877627824376290e+01,-1.423968061064835666e+01,-1.445244194476052968e+01,-2.467235384802931719e+01,-1.410563873401360802e+01,-1.694555863420514541e+01,-1.323606360350469480e+01,-1.454162660919012140e+01,-1.134187318418776691e+01,-1.047624446389106012e+01,-1.156677269927177498e+01,-1.582451981444831457e+00,-8.834363951174195151e+00,-1.788434361882908519e+01
-2.995134289175572206e+01,-2.471836345011622882e+01,-2.767505752943895558e+01,-1.315434864736767295e+01,-2.087324409033049477e+01,-1.308936260885480607e+01,-2.049858355312229463e+01,-1.564860470900186229e+01,-2.055070059801219173e+01,-8.004161897150389393e+00,-9.010451464579123382e+00,-5.297556274866840553e+00,-3.785568339391092607e+00,-1.097294469839052589e+01,-2.708103366610825447e+01
-2.190778933963057895e+01,-1.753914327747125057e+01,-1.901367065067396567e+01,-7.394892553801893698e+00,-7.044379431090799670e+00,-1.746309140608370569e+01,-1.582931510067636260e+01,-3.085818621720579813e+01,-1.577425079235652383e+01,-1.059385633548107286e+01,-7.306560940333581833e+00,-5.968453881170308506e+00,-3.030543707852896063e+00,-8.406659305414107664e+00,-2.179586125211266179e+01
-1.990570038154451638e+01,-6.731011264801722405e+00,-5.291154205166876068e+00,-4.571927133433638879e+00,-1.018901805181518583e+01,-1.183830064417258043e+01,-1.451669521376400418e+01,-1.222320602868328265e+01,-1.002308497945039889e+01,-9.702641365305176180e+00,-3.493132241240620495e+00,-5.200711151987863268e+00,-1.309850509321248069e+01,-1.112768345763301348e+01,-2.361064685032707189e+01
-1.735879844629117130e+01,-7.004684245861975356e+00,-7.816756112599184902e+00,-1.686446954290763500e+01,-5.315427312585612185e+00,-1.314155975878464844e+01,-1.563351781554406728e+01,-2.923242292778486018e+01,-5.358920508206342248e+00,-7.379711998031206477e+00,-8.845240153607852207e+00,-1.816296819864333889e+00,-2.267258535967970445e+00,-1.466117938431660939e+01,-3.016240367227822361e+01
-2.122548810231698013e+01,-9.390724310148195642e+00,-1.809297442419953938e+01,-3.854222867428457100e+00,-4.139462068411774887e+00,-2.502298801063081868e+01,-1.729825441062587643e+01,-1.841450778685682366e+01,-1.203800728453737712e+01,-9.402098507965046537e+00,-9.784820738861588652e+00,-6.979139748986874281e+00,-1.180919274468354319e+00,-1.362827469221873500e+01,-2.485267907640994167e+01
-3.047206123448289006e+01,-8.544444256929514481e+00,-5.414415915753407305e+00,-1.529915290567546826e+01,-1.310066795049730892e+01,-1.102149209078402237e+01,-2.043980357232048206e+01,-1.317001321326094399e+01,-1.614226770654218512e+01,-1.060198094462874963e+01,-7.280282046141688390e+00,-1.056709888345374715e+01,-2.118381733705366443e+01,-1.336070546782553059e+01,-1.781010903511898391e+01
-2.228066448084383211e+01,-1.080139501759365750e+01,-9.022789205826713399e+00,-1.971624079388408290e+01,-1.983657816680881680e+01,-1.883904189945662822e+01,-1.754751382387314607e+01,-1.273471896982751872e+01,-1.433667852220265715e+01,-7.561222063624756018e+00,-1.115692854042030113e+01,-5.456076356536424754e+00,-4.588169299415107538e+00,-1.178462397013895568e+01,-2.950361684130517403e+01
-1.963420544819476632e+01,-2.677874251740796652e+01,-2.544190482557868194e+01,-2.285108710113615160e+01,-1.894623931609823586e+01,-1.718420525709514735e+01,-1.708954468569373120e+01,-1.320605180368507447e+01,-1.524786020913256479e+01,-7.476272514858082197e+00,-4.782750431385821344e+00,-4.569954089007853604e+00,-4.592379788977748234e+00,-7.541827864076950938e+00,-2.545087969083648716e+01
-1.962217445522671255e+01,-1.690825842437039128e+01,-2.817177499871624491e+01,-2.021255283874938868e+01,-7.249550077669964843e+00,-8.180947937329047903e+00,-1.774147387069159265e+01,-1.411330345154707544e+01,-1.441541921802931725e+01,-1.282082000489559093e+01,-1.448435841588679374e+01,-2.053984034992041430e+01,-1.531214360193498436e+01,-1.233326434975773012e+01,-1.780062534188247980e+01
-2.475653112794539723e+01,-2.538335038308371594e+01,-2.359753597203001263e+01,-1.461776656769915483e+01,-1.232472317632089798e+01,-2.908361278024901964e+01,-1.595973302761853851e+01,-1.631772217556753191e+01,-1.644458853449573610e+01,-1.249246912591878989e+01,-1.981937453752646050e+01,-1.981320679146066155e+01,-2.773410266884401310e+01,-2.714908483057475763e+01,-2.101415625923468511e+01
-2.806205935482767089e+01,-2.194830215001037388e+01,-2.524971056144469372e+01,-2.319012271196703523e+01,-3.103089428748688761e+01,-1.460703874919965983e+01,-1.757606925403943521e+01,-2.080802036886282025e+01,-1.990397715187304684e+01,-1.130946098619433293e+01,-7.956559233400216868e+00,-2.017520687930909773e+01,-3.163862599106713702e+01,-2.999020413726387702e+01,-2.622386135216748215e+01
-2.188822170063262718e+01,-2.445636997002449320e+01,-3.120339711320193743e+01,-3.431243517462518611e+01,-3.208835953866950774e+01,-1.688632570484486095e+01,-1.839692154264879065e+01,-1.797355806956257496e+01,-1.946019610816534140e+01,-1.765406535054547277e+01,-5.836699486515594337e+00,-3.170208937294038876e+01,-3.938349834340544220e+01,-1.932061084896663061e+01,-2.581843939314300584e+01
-2.054699640646030900e+01,-3.117978948019867858e+01,-2.748311192556958815e+01,-2.394061554135510761e+01,-2.887782809246210292e+01,-1.749239570172775160e+01,-1.812225122593787319e+01,-1.260168031042077530e+01,-1.922032132971762763e+01,-1.110532781190515017e+01,-5.120735375457929450e+00,-3.829835432673812079e+01,-2.806167225816108868e+01,-3.074298404191848277e+01,-2.617723334665981838e+01
-2.350915920816117577e+01,-1.733551825266177460e+01,-2.524638701509310579e+01,-3.951556156808213416e+01,-2.987508752667579870e+01,-2.026075629248696686e+01,-2.522450353261885425e+01,-9.875323476809787948e+00,-1.258266273901542220e+01,-8.780649916960564738e+00,-9.744208797256842303e+00,-4.654493991706197420e+01,-2.497011075832215354e+01,-3.190078842597210240e+01,-2.963312484843363492e+01
-1.810230137284479568e+01,-1.784943821625385141e+01,-2.761005451401865685e+01,-2.646728198692821721e+01,-3.866563966769498251e+01,-2.078616459037375819e+01,-2.584876139933129124e+01,-1.162185368046149136e+01,-1.666194824662130003e+01,-1.527386671501199089e+01,-2.385060840657017067e+01,-2.344668417157667406e+01,-2.746343949969663001e+01,-2.904966180582490409e+01,-1.885956863009928242e+01
-2.006098832711714408e+01,-2.774217403117041414e+01,-2.161818629681186010e+01,-2.644660384363680095e+01,-3.004096885746854539e+01,-1.797313351549308180e+01,-2.513086960513022206e+01,-1.286561399253020532e+01,-1.543691316226708032e+01,-1.165187204169134816e+01,-1.691775014786136921e+01,-2.503462749907436447e+01,-3.573305165722941723e+01,-2.587274302277169724e+01,-2.038047965554157770e+01
-2.732512978453578256e+01,-2.902463369202013510e+01,-2.878314697929848265e+01,-3.784040331433659077e+01,-3.562195652622943953e+01,-2.248853131830209406e+01,-2.140250354762178731e+01,-1.530518311210650850e+01,-1.625806072152812121e+01,-1.500850162557034295e+01,-1.120230541630114374e+01,-2.508200843353942133e+01,-2.969036022237876793e+01,-2.276324858222974612e+01,-1.502676702394746755e+01
-2.267899396568213888e+01,-2.108157545563134150e+01,-2.791165878215857177e+01,-2.727009860189171775e+01,-2.575697599979723407e+01,-2.539205668531085891e+01,-2.908652665735557363e+01,-1.509151382880435754e+01,-1.600311060049794776e+01,-1.817621572106003924e+01,-1.223903796461594951e+01,-1.821739038326816740e+01,-2.690183536100875727e+01,-3.064710142892771927e+01,-2.388492956953097135e+01
-2.052538484619338988e+01,-2.215918892192349432e+01,-2.868504728144941751e+01,-3.217987607317905230e+01,-3.022216644541711261e+01,-1.874904314741875311e+01,-2.324263889416756967e+01,-1.818979389796468027e+01,-1.649852227773744318e+01,-9.636662158151610313e+00,-1.395835399691443968e+01,-2.162479421181694761e+01,-2.335267908471994502e+01,-3.177183621544065062e+01,-2.372257889672000175e+01
-3.398664914298145590e+01,-2.582915023216249040e+01,-3.223213794352345474e+01,-2.479843649979496689e+01,-3.795294051964780380e+01,-1.574523017141578940e+01,-2.217805120900585436e+01,-1.732685639449725912e+01,-1.902654516897192494e+01,-8.250724327406635084e+00,-1.059610335814959114e+01,-2.415795525035917279e+01,-3.027371064475812545e+01,-3.524489021371548603e+01,-1.589795437401222244e+01
-2.799933716815257156e+01,-2.641873519269553583e+01,-3.945496565879179940e+01,-2.821631881595235569e+01,-3.071523905071442329e+01,-1.177581901420267307e+01,-1.662440646488698093e+01,-1.741443435408446305e+01,-1.984764379906118137e+01,-1.118960774240354183e+01,-8.824509987905004849e+00,-2.359949463386377744e+01,-2.630909969141251636e+01,-2.895095979038524803e+01,-1.585304938805952979e+01
-2.665062092307499597e+01,-2.295443072516840743e+01,-4.519607080792770404e+01,-3.194384709058967076e+01,-3.218744462324654876e+01,-1.525897209153185585e+01,-1.805190401213769391e+01,-1.974517641463963358e+01,-2.246809676977890291e+01,-1.435223583338572872e+01,-1.193168421220151210e+01,-1.955658349150592201e+01,-3.061283245917546836e+01,-2.609643619578210405e+01,-1.676157813412667252e+01
-2.107986991217229900e+01,-2.283481091093353044e+01,-2.642029733021015403e+01,-2.776128498025493130e+01,-3.637169280436337004e+01,-2.067400940931869258e+01,-1.671001934131839661e+01,-2.032569830848083114e+01,-2.651784702909144897e+01,-1.035090257743989994e+01,-7.028623244040951512e+00,-2.514767923273607408e+01,-2.995662669175939641e+01,-3.623974589733661844e+01,-1.774475649321603044e+01
