-3.383236045176336404e+01,-2.698065414835326337e+01,-2.593823890639784224e+01,-4.703551673550725809e+01,-1.936627536394725269e+01,-3.959392337894098546e+01,-1.847218922923562090e+01,-2.431947741567288546e+01,-2.444451541075486745e+01,-2.566574168180209981e+01,-2.337937637264132462e+01,-2.921931635536823535e+01,-3.254403855130335899e+01,-3.313504276179095598e+01,-2.201013690341612516e+01,-2.147824763545573390e+01,-2.766272870145579077e+01,-3.115220276346338935e+01,-2.589694896131769042e+01,-2.605180163931397885e+01,-2.240636335717676531e+01,-2.365067574899589076e+01,-3.352083175861079667e+01,-3.150979133509297014e+01,-2.154275064164949427e+01,-2.308093527608539475e+01,-2.564086337528859261e+01,-3.364609557720790178e+01,-2.034040013800872160e+01,-2.296394434757041125e+01,-2.293890839972409523e+01
-2.078030070375503868e+01,-1.967370183660742811e+01,-1.839921935149656562e+01,-2.631869564729184319e+01,-1.683325861861923300e+01,-1.096391937073670952e+01,-1.114636438259354634e+01,-1.542659949798803787e+01,-2.667696968441713778e+01,-1.383019167936301308e+01,-1.660850156169882652e+01,-3.994120645277457271e+01,-1.024915261621421081e+01,-1.392475315902112953e+01,-2.954090766199886176e+01,-2.240924246119796592e+01,-2.670731182923465141e+01,-1.781982638805428820e+01,-3.102012117791637991e+01,-1.677632963180317560e+01,-2.803832763818276419e+01,-2.016877656501545601e+01,-1.198589171961557298e+01,-2.650925303010062706e+01,-2.438515517314098702e+01,-3.171187767774388533e+01,-2.830002070111582313e+01,-2.306958440426278401e+01,-1.554143987945116478e+01,-3.268278889541563359e+01,-1.188331463074090522e+01
-1.787178070486205428e+01,-1.164158895879132771e+01,-1.843137599051786069e+01,-5.598157294142395379e+00,-1.600390978435121880e+01,-8.221766142620630546e+00,-9.173520571880519725e+00,-9.242773540142025013e+00,-1.955346015158433204e+01,-6.251867239141421173e+00,-1.639507584722338507e+01,-1.610670903943745813e+01,-1.131696134256910469e+01,-9.265991850440961741e+00,-1.000958829313979948e+01,-2.321486773740784315e+01,-1.574008356545721021e+01,-2.372664505912524291e+01,-1.317893707949711057e+01,-2.013657680711853359e+01,-1.504180728101208508e+01,-8.774959401357449451e+00,-1.295654210368264714e+01,-1.469796348946266384e+01,-1.873230033577968712e+01,-1.715273754510007009e+01,-2.299342385322109550e+01,-1.083740197402026162e+01,-1.059559493877588210e+01,-1.594872473800344892e+01,-8.771187532903786277e+00
-3.233537048789351331e+00,-7.424552859257662618e+00,-8.693261075013850814e+00,-1.049550768723336347e+01,-7.723907457788802056e+00,-1.529597265794912531e+01,-3.735395192218579297e+00,-1.505170459585413667e+01,-8.302066662058763313e+00,-8.783791910123889934e+00,-4.806194728920830883e+00,-9.378073325105509284e+00,-1.010566217284253909e+01,-9.705391369937373724e+00,-1.515698035891658435e+01,-1.152347486035880664e+01,-1.839488210906493038e+01,-1.143238585542213670e+01,-1.752175683186174737e+01,-2.268658883769388979e+01,-9.478381481461223501e+00,-9.322685643600722827e+00,-8.700121509596632663e+00,-8.493054482067135424e+00,-1.560782824984548256e+01,-2.195415545625065690e+01,-1.636823265935615268e+01,-2.919363703201474092e-01,-1.096328006025332691e+01,-7.657009377777459491e+00,-9.498058521057144432e+00
-1.424121117917317436e+00,-3.826675159766442125e+00,-5.324704309289622906e+00,-1.930570080900107399e+01,-1.547939787284879287e+01,-1.175032927859913556e+01,-1.643052437637219398e+01,-5.788868109881044610e+00,-2.422941845065534139e+01,-7.392866654325871423e+00,-4.635136140782753600e+00,-5.747411950176790185e+00,-1.565820259965248340e+01,-1.337695584730787424e+01,-6.975496350114932298e+00,-1.019003048811684842e+01,-5.819984206374934743e+00,-3.719675577526687427e+00,-1.408358114880416956e+01,-1.898714956932555609e+01,-4.315526111416102317e+00,-5.825782361251103048e+00,-1.105329469493692862e+01,-1.181074065634798842e+01,-1.021539402096591509e+01,-2.053491944558498616e+01,-1.945470747484559837e+01,-2.659816383867672940e+00,-8.504308124683028325e+00,-4.413880068954830094e+00,-1.371029227487873570e+01
-7.210638885582762114e+00,-1.515502479730670515e+01,-8.540477731162491537e+00,-4.320052174156826297e+00,-6.916031553786613273e+00,-7.869096263626898846e+00,-2.330547979220693122e+00,-9.488364991309065744e+00,-1.728596301573709937e+01,-1.958591952859321950e+01,-1.100089405498768436e+01,-1.194758782812258069e+01,-1.120569303495344471e+01,-2.107683647964632456e+01,-9.899434409579290772e+00,-8.764589813933989504e+00,-5.568362926991587081e+00,-8.004732547608671922e+00,-5.443436542709760850e+00,-6.496092012785544156e+00,-8.105166624595009139e+00,-2.855650443521566384e+00,-7.754907551366583718e+00,-1.247312002493076477e+01,-9.846508356972815790e+00,-2.391512532428712845e+01,-1.911183329309985623e+01,-7.148293898435222893e+00,-4.059606414873842439e+00,-1.311301209422395786e+01,-1.425767785747019012e+01
-2.326759508802396681e+01,-1.978955363325887973e+01,-5.479942980847802403e+00,-1.865499036649132414e+00,-7.739474482628900809e+00,-4.060559167375960676e+00,-1.288884130293319386e+00,-2.243670690006389634e+01,-1.166580552535410220e+01,-4.748656616134335984e+00,-1.901785130992168149e+01,-1.084115668358157691e+01,-8.274943791753802458e+00,-1.884297326909583603e+01,-1.603659567431603250e+01,-1.027296693839481989e+01,-1.105171120381567107e+01,-1.333739592187836465e+01,-7.168165412037412310e+00,-6.351917027320739706e+00,-7.332093254065581434e+00,-1.815981264161951358e+01,-8.942541925308953310e+00,-2.054662951127947501e+00,-1.214031797194330053e+01,-1.824137180190190932e+01,-1.764405513893685296e+01,-2.279283553839820087e+01,-4.624996745453983316e+00,-7.660703984146994827e+00,-1.892261097007567372e+01
-1.399263829269692749e+01,-8.326381954484997294e+00,-4.883344017623868716e+00,-5.198463115328074480e+00,-5.419562370719834377e+00,-5.942965140780902544e+00,-7.000713016722773574e+00,-8.851608241580475323e+00,-8.662792706621031513e+00,-8.997434382755066906e+00,-8.699933548138623962e+00,-1.162436718806454827e+01,-1.687443796370271798e+01,-3.156730263377388823e+00,-9.354389389538145139e+00,-8.527341567135767519e+00,-1.593015603037084382e+01,-1.173535713736522013e+01,-1.964419928258747672e-01,-1.672088209880887888e+01,-6.440292406492310384e+00,-6.061540303514970418e+00,-8.383932382839194730e+00,-1.714006660210928246e+01,-8.568187688790240841e+00,-1.137114367416831229e+01,-2.079453570643510218e+01,-4.943256791290490781e+00,-8.233171808224081900e+00,-2.644780681694960478e+01,-9.718350947952439256e+00
-1.500023806769939405e+00,-1.176719602111578489e+01,-1.905719691932337367e+00,-6.142674186154778226e+00,-8.850040660633105460e+00,-1.488806127492007292e+01,-8.124182816194867485e+00,-1.348244432130964654e+01,-9.918667096311368780e+00,-1.727506245006400043e+00,-1.804351348595823268e+01,-6.372874476424724932e+00,-6.793851905113278633e+00,-1.307600897164233889e+00,-6.778804399914010403e+00,-1.172849835499000903e+01,-1.352304427535821318e+01,-1.333141897832150313e+01,-8.343909799045835740e+00,-2.835895455240067253e+00,-5.943330899393000522e+00,-5.965407806401362478e+00,-2.608017941421368135e+01,-1.024119236184067461e+01,-1.172618320667218050e+01,-8.893354808390213861e+00,-1.469126611439262042e+01,-2.941557858045551477e+00,-1.187390126119163369e+01,-2.356703249499084407e+01,-4.215411960766182631e+00
-2.675631851977235964e+00,-9.092760825530337598e+00,-9.973402292958406079e+00,-7.504680147021733916e+00,-1.630495526682665286e+01,-1.786853879884798957e+01,-1.629150937602774007e+01,-1.193862955365282197e+01,-2.100051686824620845e+00,-5.900248068391961809e+00,-1.305047186317140451e+01,-6.182516911514013280e+00,-1.156088070973456716e+01,-5.583516232217915487e+00,-5.046195460259371934e+00,-1.007390982705087801e+01,-5.996712736412781908e+00,-1.478767079915957794e+01,-1.100493684644329839e+01,-6.279588574345797092e+00,-4.648655257921252115e+00,-1.207750694468805897e+01,-7.118438538012744843e+00,-1.030729144937211750e+01,-1.371607816286311987e+01,-3.113746838395465844e+01,-1.631726518513452362e+01,-1.776348382879328369e+01,-1.137107804716965198e+01,-5.953398435133704147e+00,-5.299706474438340642e+00
-1.815323005600251349e+01,-5.484428503284780376e+00,-2.398346336372206622e+01,-1.095085888711485822e+00,-4.725604501643244859e+00,-2.177315149991532905e+01,-2.340939534295456070e+01,-7.157100377162073812e+00,-7.208225247323136742e+00,-8.995576345821669761e+00,-4.866443693325081199e+00,-5.183437961191790677e+00,-4.711347643396105234e+00,-2.388095537536770507e+01,-6.350149976572613042e+00,-7.558680718846488844e+00,-4.702825482034429072e+00,-2.735269401840232817e+00,-1.320613932872002039e+01,-1.014959509358532586e+01,-1.362758726308438639e+01,-5.810323409490792734e+00,-2.852589008108786128e+00,-1.308702393842983014e+01,-8.253124316939786098e+00,-9.397767203179732576e+00,-1.193707413861831057e+01,-2.704189537006012500e+00,1.275076692329005779e+00,-5.801463203942542890e+00,-8.618785510756096002e+00
-6.964565249541152525e+00,-6.721159571631973861e+00,-1.484973634400682840e+01,-2.286828680687445825e+00,-5.154866268567465326e+00,-7.832254924198309709e+00,-9.418229857249574621e+00,-1.658511177217145161e+01,-1.505660055500530703e+01,-4.010040096911783536e+00,-3.068862077130924071e+00,-1.982575451142060530e+01,-5.911430174259900028e+00,-5.315085643508346003e+00,-6.010807814491396783e+00,-2.334093492952397497e+01,-1.957225682128234823e+01,-7.020266751313807063e+00,-4.723221034088529890e+00,-1.805965455769784711e+01,-1.105531131782655940e+01,-1.065010118560577812e+00,-2.937892390529542652e+00,-5.042749225512270783e+00,-1.606949312610212033e+01,-1.430646491341938642e+01,-1.426708867284690108e+01,1.183294415882391259e+00,-3.012343511405600971e+00,-1.184553406450259594e+01,-1.406285759851202855e+01
-1.059359127986962079e+01,-2.563268102521019109e+00,-1.095444269415094141e+01,-1.240041348851725722e+01,-1.640124239244086013e+01,-2.870929009312052749e+00,-1.506149695596769311e-01,-5.607716608995849228e+00,-2.551792355794797373e+01,-4.886460068288517533e+00,-2.312162414485789697e+01,-3.083133394910433811e+00,-4.848503947445984785e+00,-3.364428434573141669e+00,-1.238381943725923051e+01,-1.258364760927160475e+01,-5.110718122130016638e+00,-5.104034474606635285e+00,-6.158658630860691652e+00,-1.274860987898824760e+01,-5.807233565972497180e-01,-1.416021257601127203e+01,-4.238910376076302278e+00,-1.286006289661113300e+01,-1.460796870319827434e+01,-1.314073611289100896e+01,-9.797269589057657768e+00,-2.329392683087266658e+00,3.988132699766064881e-01,-6.599081939688737464e+00,-1.005611218512483696e+01
-1.919352727464308117e+01,-2.645208133777060766e+00,-3.734402386076814295e+00,-8.660374227112860979e+00,-1.634288778050094848e+01,-8.812178368993656363e+00,-1.462385634112516541e+01,-8.570595778013929689e+00,-7.952463647672565195e+00,-3.579178404407987735e+00,-1.631418484842328454e+01,-3.356222372251933095e+00,-6.242752258763220041e+00,-7.383820505393322797e+00,-6.340300649887757878e+00,-1.274150494955767243e+01,-4.643768097755175184e+00,-4.919156460598853364e+00,-1.978613846256087072e+01,-2.958704532920879426e+00,-9.791403817883338467e-01,-1.215911833967806110e+01,-4.763213504434460788e+00,-2.201319998896676289e+00,-2.832783741900306040e+01,-1.297259235226312413e+01,-1.563737130222576255e+01,-1.429148251003216075e+01,1.899445013554258654e+00,-9.297901119339659459e+00,-9.149743672309542220e+00
-1.532778258737581112e+01,-1.050774933132229449e+01,-8.719363338758469695e+00,-1.692732121235202225e+00,-8.925120049666656286e+00,-9.109703516826252567e+00,-4.061709424521339429e+00,-8.901660250789952045e+00,-4.911198257442071835e+00,-1.123203857751413182e+01,-1.518231258794918048e+01,-5.511340565389426516e+00,1.031703193720411971e+00,-1.208579558630849604e+01,-3.791797674501016235e+00,-6.140703869734692510e+00,-2.103273173241337801e+01,-3.112650834918703868e+00,-1.247829494482131807e+01,-3.540386962065889431e+00,-6.430517511438369027e+00,-4.287337123252992654e+00,-1.314895759318459589e+01,-1.191123269255745143e+01,-8.116923841869398970e+00,-2.451918775360330116e+01,-2.135124716063337047e+01,-2.423234115766267394e+01,-5.458200852172428341e+00,-4.657195023069741424e+00,-1.615314430572431093e+01
-1.263139461004735686e+01,-1.451011520878826566e+01,-9.592082847548082825e+00,-1.209502116079310952e+01,-5.788452371108354200e+00,2.389593055454252379e+00,-1.562161107302557994e+01,-1.066090856143764043e+01,-2.777091233406874338e+01,-2.158561222657997192e+01,-1.079478111173470012e+01,-1.510380014287505190e+01,-5.119093892804109203e+00,-7.186055453746328148e+00,-1.152202849995579648e+01,-8.181950564195906495e+00,-3.420691716422612050e+00,-5.827618545595796284e+00,-1.390237545862369828e+01,-7.479872488607104408e+00,-6.435001137950423278e+00,-1.532566078929641762e+01,-4.342388616649150102e+00,-1.594655280743373593e+00,-5.062679345456770896e+00,-2.322243011054429473e+01,-2.059755316560860905e+01,-1.600386468056711564e+01,-1.658974253170785573e+01,-1.775322760772893105e+01,-1.016557931656772951e+01
-9.793601916861812029e+00,-1.076825232374077013e+00,-5.462313321804610489e+00,-1.408442194736938724e+01,-5.326454708586581432e+00,-3.232693891949876441e+00,-6.994844897342699319e+00,-1.197163006610472813e+01,-1.812552534909617208e+01,-1.385764826849337794e+01,-4.872354231325841667e+00,-9.411137149322449602e+00,-3.422496298530304237e+00,-6.398333611355685235e+00,-1.502503861844611421e+01,-7.360131429331628894e+00,-2.146798737099265608e+00,-1.007502813801416153e+01,-6.738533453802004303e+00,-8.012431458905245663e+00,-3.495228102181023644e+00,-1.331234255251992948e+01,-8.269991295865535719e+00,-1.373105182822395687e+00,-9.198656368227460689e+00,-2.911296575586119317e+01,-1.299407407032468420e+01,-2.095914472091829595e+01,-1.080182160303000671e+01,-1.679954170681893544e+01,-1.503023802714841395e+01
-1.061170077567536651e+01,-1.829316076342345809e+01,-3.834481105065377093e+00,-1.029422320447117123e+01,3.261811949508560543e-02,-6.028604423240012444e+00,-2.043450730497855261e+01,-8.748259179140438491e+00,-1.138910101098043803e+01,-4.664566024035296188e+00,-1.961445951321056924e+01,-1.140191455931067033e+01,-4.506561094363788378e+00,-5.987932994774025630e+00,-1.088730291385726545e+01,-1.126831778991500954e+01,-5.543043165536340133e+00,-3.161082148242431167e+00,-1.051245994382440685e+01,-2.074679778930138774e+00,-1.091342648436141261e+01,-1.024939254684284506e+01,-1.052959680785202146e+01,-6.206372731108194429e+00,-3.877019536221404827e+00,-2.098476934878589972e+01,-1.760237503674782289e+01,-1.368964255502890737e+01,-9.057364575813943830e+00,1.271670022553871515e+00,-2.902559141011764510e+01
-5.079733808129088146e+00,-3.859462307645449286e+00,-2.199379356811800079e+00,-1.228723152883513592e+01,-1.069848174578189060e+01,-1.055049072588017367e+01,-2.160058883335369018e+01,-8.522967132863046302e+00,-5.621856453393448305e+00,-8.638884827675020972e+00,-1.533004787519511325e+01,-1.434377309112677956e+01,-3.108309355362710580e+00,-1.112110309760787530e+01,-1.278977271108557545e+01,-6.665137007111249012e+00,-3.330116875751841121e+00,-2.136668807578756457e+01,-7.540010628547176630e+00,-1.548942022562441245e+01,-2.663767419887830279e+00,-3.227967254570603295e+00,-4.403703468293710621e+00,-1.223209378679598558e+01,-8.269203607334405959e+00,-1.226366687451190174e+01,-1.402193716881727781e+01,-7.080821149076205190e-01,-1.117195619370148663e+00,-9.188130301587118964e+00,-8.289454350557100781e+00
-9.806036606792474686e+00,-6.880626394234093723e+00,-1.903089763545625601e+01,-2.607506938181487044e+00,-1.127363182052039825e+01,-8.742826606381676413e+00,-1.463702370945232190e+01,-5.922029560866150177e+00,-2.333601990971271967e+00,-1.671081879419567073e+01,-7.164338356635862937e+00,-6.210415169277294645e+00,-4.582747758051115561e+00,-7.523079836239054963e+00,-1.213615623202655414e+01,-5.797475629117990081e+00,-1.399911038711850253e+01,-2.682742975444570632e+01,-9.835901015148647009e-01,-1.911230161398910354e+01,-2.440641238039531924e+00,-1.256730691557068980e+01,-7.839513049511792619e-01,-4.676801537640931095e+00,-3.140864421446124766e+00,-8.153849569092638916e+00,-1.127235395788187589e+01,-5.352882466252117055e+00,1.824868152044148983e+00,-1.152337263960903613e+01,-5.264936272226286462e+00
-1.117148155565105938e+01,-8.149147860169457802e-01,-1.358743732427286588e+01,-1.426079381583822414e+00,-2.483737432169998982e+01,-1.951136468397583812e+00,-7.646342765457649016e+00,-2.782537697162962953e+00,-4.480998473204959254e+00,-1.015595090708226955e+01,-6.463703800214872786e+00,-1.503708358648612631e+01,6.627902162680500142e-01,-9.308266301447797986e+00,-6.752274205965656861e+00,-6.748953532348290985e+00,-1.524576424377700690e+01,-3.963663455193314533e+00,-1.111623705523864802e-01,-2.817165299066981987e+00,-1.764603498561392869e-01,-3.929696181915880437e+00,-4.427914640834868187e+00,-1.088664947608978650e+01,-1.435767407279994146e+01,-9.824799723519273442e+00,-1.650744569187119026e+01,-2.743128593866621756e+01,-1.552142383331654163e-01,-1.401436505114936892e+01,-7.444182752352206833e+00
-1.230484032578430487e+01,-5.367279989298321397e+00,-1.375271934136871543e+00,-1.450325423022884763e+01,-1.962727974915063456e+00,-1.189733078033476055e+01,-8.175295608495586563e+00,-7.920812963959101616e+00,-6.488007044031707693e+00,-9.108981641979248423e+00,-1.639468690715620980e+01,-4.641902769659720818e+00,-4.187528869512948670e-01,-8.305547554256591525e+00,-9.867045164422897585e+00,-1.468315643115659164e+01,-3.525643537364639535e+00,-2.294507326755606513e+01,-2.609255920936679729e+01,-5.593215509840014477e+00,2.673663421400784390e+00,-3.264794438016045852e+00,-8.284501311270940249e+00,-1.468363232613853420e+01,-5.179816250412229373e+00,-1.645076110039272876e+01,-1.761312022794471588e+01,-1.561134019999061451e+01,-4.240686251311144517e+00,-9.880535694117300594e+00,-1.976009217334087609e+01
-1.159466757251814428e+01,-4.246321302371141471e+00,-1.292221587802283800e+00,-1.030044894047773241e+01,-2.330129374761322314e+00,-3.713069965737058720e+00,-1.062099971997251702e+00,-1.133599946315836959e+01,-7.657920515864819144e+00,-1.934446751728621194e+01,-1.145767214846340210e+01,-5.706313820203410714e+00,-9.536315593686413905e+00,-1.064581252931343869e+01,-1.329538247922278060e+01,-4.924877549889040473e+00,-1.359880237342649956e-01,-4.147678111391639888e+00,-7.860676726651596447e+00,-4.638114617659030436e+00,-5.201403012424727912e+00,-6.219536899152378062e+00,-6.288759127605429100e+00,-1.027689543865571409e+01,-7.238502870213055829e+00,-1.212858424542346114e+01,-1.201102569355717264e+01,-4.392890912238525125e+00,-2.832890457462693234e+01,-1.001447958150433415e+01,-1.210173200515748881e+01
-7.655733650528899759e+00,-2.253899968931840192e+01,-8.226743008403728297e+00,-1.918611702201622649e+01,-1.973613893615500325e+00,-2.118181014396278528e+01,-4.524258297960920494e+00,-1.559356508507868355e+01,-1.560391159479618395e+01,-4.033543522515325108e+00,-1.876901600875123144e+00,-5.465009162741113258e+00,-1.761792282994825243e+01,-9.536176595954490409e+00,-9.885171538785234802e+00,-5.866868136650936094e+00,-7.475414362923817890e-01,-9.747729467531490499e+00,-1.843089872462391199e+00,-1.221682777691396637e+01,-1.668961199248526128e+01,-2.504092561309651543e+01,-7.046483863337497766e+00,-1.033067847906110970e+01,-3.829612056585643298e+00,-1.462313736677642417e+01,-1.278983878226240378e+01,-1.696805795209354928e+00,-1.490084571700399252e+01,-1.533582036763894507e+01,-1.405716327712491420e+01
-9.997631835720810045e+00,-1.763027364513801842e+01,-1.161132500801538292e+01,-6.601870966565885901e+00,-2.443112186475378422e+00,-5.837649135118572197e+00,-8.332268828105046765e+00,-5.222692909027868424e+00,-2.019256175339994286e+01,-1.969036290784055288e+00,-3.015941238791949974e+00,-1.313040353816294648e+01,-1.151615300230076144e+01,-1.113150897697995134e+01,-9.335893550584184908e+00,-7.099442584303083947e+00,-1.855310862585846721e+01,-4.883637655038805647e+00,-9.055805787022745967e-01,-1.281224795636595193e+00,-2.345566230843189004e+01,-2.445313412707883316e+01,-6.210245805463221913e+00,-2.369411883889319004e+00,-8.823024794010281724e+00,-1.290210355753845306e+01,-1.348182955995414822e+01,-3.311462881908449507e+00,-8.711297860909585467e+00,-2.227924037567688842e+01,-2.204499214022265008e+01
-9.242993769571690166e+00,-2.167659958162834855e+01,-9.571676486336883727e+00,-5.141658818816098986e+00,-6.277174667522011475e+00,-4.805774237793053238e+00,-6.979771325486321842e+00,-2.255805648634017757e+01,-4.013121845806071342e+00,-1.971886815798231885e+00,-1.381935556607441029e+01,-5.413214166109902692e+00,-9.233216648055066145e+00,-2.284207453108907160e+00,-7.757697934067446788e+00,-3.004851089806479525e+00,-1.839005643037469184e+01,-1.242531255390455058e+01,-1.562253516378136098e+01,-1.201068545598938053e+00,-6.248108777544847392e+00,-3.020550700075640549e+01,-7.616315910495963237e+00,-7.355145026415758736e+00,-1.142121574666968620e+01,-1.193121811513071684e+01,-1.800089112010289938e+01,-2.293350022046286352e+00,-9.759597690098360534e-01,-1.904639561016966809e+01,-1.668466647058854946e+01
-5.641383766014051560e+00,-1.474225782955866393e+01,-1.823771083243329016e+01,-4.111932972629995575e+00,-6.950292728817536236e+00,4.027579807026423486e-01,-1.144789388179631118e+01,-8.371727456224967057e+00,-7.472313055424761430e+00,-1.439135635507779121e+01,-9.706462066615671347e+00,-6.891197989643663036e+00,-1.047569752954098021e+01,-8.491161912361551600e+00,-6.332342794006558861e+00,-2.262108819571886809e+00,-1.574438676068023746e+01,-1.032362686762755111e+01,2.634549934503895852e-01,-1.449759748348843358e+00,-6.324345322823047510e+00,-7.611870236753209618e+00,-1.327485152978755423e+01,-1.752378542825079544e+00,-2.715872111149458945e+01,-1.067939036113908990e+01,-2.429148147410481329e+01,6.173412935687709602e-02,1.319656299676205347e+00,-8.540840114166847741e+00,-1.257657144046847186e+01
-3.709204025022772022e+00,-2.416125178597577694e+00,-9.325686411551183497e+00,-3.581311993075574129e+00,-4.081983602627000884e+00,-1.622146628616534525e-01,-8.351335967287944584e+00,-1.331516581961797563e+01,-1.958428661376114022e+01,-3.973507900872409238e+00,-1.160035535165243381e+01,-1.092209507630544429e+01,-5.837338331616997777e+00,-9.819267263337680518e+00,-7.340557411329557524e+00,-1.664749688050819998e+01,-1.838763911350509872e+01,-4.911772283436072861e+00,-2.036265406097495401e+01,-5.616506058830569081e+00,-3.680073154514017730e+00,-5.557228888200732797e+00,-4.601194916152174130e+00,-5.783011035945291312e+00,-6.048837834818321824e+00,-2.003899329829327058e+01,-2.447637939899974668e+01,-1.083212842109714202e+01,3.100058375495990948e-01,-1.627905009239177048e+01,-1.525265957190964805e+01
-2.343797158271887504e+00,-3.435804536423666011e+00,-2.942510578547805178e+00,-9.532769889443887479e+00,-5.535027410785000157e+00,-4.730007726971265036e+00,-2.407014222721067132e+00,-8.080954728221485084e+00,-1.046639021472950049e+01,-1.756528634392461097e+00,-3.026944449415270633e+00,-1.432473849207611671e+01,-8.839117949957072895e+00,-3.309902248119360735e-01,-2.154779050062786805e+00,-8.946910358969482502e+00,-2.568601474543177332e+01,-1.549503873329491022e+01,-1.700995551578823095e+00,-4.906975385943755263e+00,-9.033604065760314938e+00,-5.956750018736500785e+00,-1.074521485488746997e+01,-1.483251589225286260e+01,-4.162447231137135439e+00,-4.847929428590114753e+01,-2.188746605001836087e+01,-1.635412872603557588e+01,4.639744771105745735e-02,-2.068891666379371230e+01,-1.830515143896051100e+01
-4.790600220495695893e+00,-4.415217673199732573e+00,-2.315116784475508638e+01,-1.266098615482701462e+01,-1.894834602724508343e+01,-1.664266169577829757e+01,-1.128726215018820511e+01,-7.361692985761715491e+00,-1.067036137472645763e+01,-2.976243391507468861e+00,-1.636449808078147328e+01,-6.113469382754455062e+00,-2.438968954179196658e+01,-5.410878679005901581e+00,-4.937011210706467423e+00,-9.591929400525337712e+00,-2.187058883220876382e+01,-1.721173054698846272e+01,-2.063664998154783881e+00,-1.575028492899128096e+01,-9.831755755414574693e+00,-7.021230469968906540e+00,-8.993972918676236716e+00,-5.903549203110753929e+00,-1.669896359806432784e+01,-1.777059188230619569e+01,-1.519587895286343482e+01,-1.365249891710957009e+01,-1.835699267421673042e+01,-2.220440751611292729e+00,-1.931796118778228788e+01
-1.126269645342213011e+01,-2.368876145144067635e+01,-1.321553950569849079e+01,-3.353682749749067327e+00,-9.423853981897240217e+00,-2.400269926090622619e+01,-1.094318637519481641e+01,-7.663013690876452344e+00,-1.303410996687500223e+01,-3.435068540071023691e+00,-2.053673705323696197e+01,-2.904856610224666902e+00,-4.115369213535868376e+00,-1.727946518976007795e+01,-1.122865673876821546e+01,-1.102835159150526323e+01,-1.654284847458931651e+01,-3.569456817282039118e+00,-2.109254622895652176e+01,-8.207106245199703665e+00,-1.490452775062123081e+01,-1.146013462312602016e+01,-2.440247959735351913e+00,-5.141142050245104400e+00,-1.443883315209238916e+01,-2.444331573327757212e+01,-2.899032609324118681e+01,-2.753900420489077305e+01,-1.530978773846731578e+01,-7.609445780914779967e+00,-1.723643446617845498e+01
-5.401445221755027504e+00,-1.684604467337431544e+01,-1.044914174118817041e+00,-1.223352340964814111e+01,-3.489697684578043191e+00,-1.269155253924168747e+01,-9.359437120780260244e+00,-5.318738394029105976e+00,-4.469187463428120566e+00,-2.130387271162478058e+01,-1.321952149876409699e+01,-4.421452582267392017e+00,-1.267239877458415087e+01,-1.472089904366318791e+01,-2.235168395176886236e+01,-1.472888336951053390e+01,-6.270350734294510175e+00,-7.313188380169442837e+00,-3.924028622345351991e+00,-3.377104877069125433e+00,-1.786888771802634679e+01,-1.008470548157151114e+01,-7.348477370126845543e+00,-1.089199612665626482e+01,-2.156448265966312050e+01,-2.084802649481785508e+01,-9.487441163061710370e+00,-1.853814758456798728e+01,-2.215809646001417832e+01,-5.125817723416301597e+00,-2.978073692624138147e+01
-6.430241915584534951e+00,-3.655545176130579055e+00,-2.577535180179888918e+00,8.557655793503757824e-01,-1.299487660330060024e+01,-6.962010664309110197e+00,-4.854303631701739619e+00,-1.828705490646832743e+01,-7.532640015619298524e+00,-5.494507066580914589e+00,-3.031880896546814252e+00,-8.156718935882373955e+00,-1.524064189582809448e+01,-5.587113489783499531e+00,-7.179361730085329185e+00,-8.381982556948342378e+00,-4.363297633314654256e+00,-3.734055588515135859e+00,-1.361225881738402776e+01,-1.530430342719392378e+01,-9.213135313348608690e+00,-9.140582330760061325e+00,-1.895230331039245897e+01,-1.341166280723861348e+01,-2.038649965456928470e+01,-1.419106939888874486e+01,-1.312208089129772048e+01,-1.666341719432898216e+01,-1.503447705803110424e+01,-1.993442149311170031e+00,-1.401962314832801759e+01
-1.615856584466976642e+01,-1.525068482808759462e+01,-1.805015231005459952e+01,-7.361008184707060309e+00,-1.735417782571970591e+01,-9.104523803622658562e+00,-8.966033399268219739e+00,-1.004575364494915490e+01,-1.700256111454575603e+01,-6.531085855297527942e+00,-3.510762693399356760e+00,-4.870761853266994734e+00,-4.230828489749943522e+00,-1.213462160924630773e+01,-6.757709526874266182e+00,-5.965845840265700417e+00,-1.576903527181789144e+01,-3.166358145643843436e+00,-2.388164682704537078e+00,-1.699017913980182470e+01,-4.542964527328957836e+00,-1.149871482448899584e+01,-7.666685059684933634e+00,-1.981441512602740929e+01,-3.814439558166800737e+01,-1.047964667891182700e+01,-1.179830395914251184e+01,-2.655228700614328829e+01,-8.514341193768489191e+00,-1.335891043968754133e+01,-2.894680641899821083e+01
-1.299682284894640460e+01,-3.245586929705082113e+00,-1.965213003527043201e+00,-9.701629433310058559e+00,-7.554366052158387745e+00,-2.650130840358455231e+01,-1.556561082785032823e+01,-1.013122711424566091e+01,-1.042241143210462440e+01,-2.106472298290362488e+01,-1.566484814737425069e+01,-2.169038805085428123e+00,-2.640001374899858977e+00,4.744588258634423877e-02,-1.094328791273747647e+01,-1.133554184534284204e+01,-1.595366217957129606e+01,-8.650789635649870135e+00,-9.905125347768571231e+00,-1.732677154527236496e+01,-6.711847721146484425e+00,-7.422167698096208355e+00,-1.085449789202200144e+01,-1.288444298108593600e+01,-6.402918860716981797e+00,-3.715146995778189876e+01,-1.195566683951881615e+01,-1.784920502144199972e+01,-9.830281281603912902e+00,-2.714597710631071692e+00,-7.442670924003359723e+00
-4.985001028557195291e+00,-1.715145965865455757e+00,-1.051358439102585685e+01,6.499227701171565730e-02,-5.731712093383700690e+00,-2.323971685995934067e+01,-7.878455676273708796e+00,-5.454383961008087311e+00,-6.839097846634518696e+00,-2.291517520611342462e+01,-1.658328292505766743e+00,-6.264667478655074007e+00,-1.224778343524178226e+01,-6.143934089167270685e+00,-4.865319869993558477e+00,-7.624397471116280300e+00,-2.109227812945883329e+01,-5.436496572125890658e+00,-1.377379275678984527e+01,-2.130560600189575382e+01,-9.053805673304211155e+00,-5.540940849662527867e+00,-2.938963542089025438e+01,-6.336988107424025074e+00,-1.276033287630406932e+01,-1.785506686413009447e+01,-1.834401390885162897e+01,-9.642922385601508495e+00,-1.173334887088927658e+01,-9.940913707295036872e+00,-7.873415793875954805e+00
-2.146817984827766068e+01,-1.165111568795388841e+01,-2.127569068996636759e+01,-4.213470571595141934e+00,-5.640104793356108814e+00,-2.241101787253388977e+01,-1.053856129823792998e+01,-6.883327651820511761e+00,-7.785040420766407010e+00,-2.610987491759962253e+01,-3.740915466997561722e+00,-9.169966251980955718e+00,-5.567825606303147268e+00,-8.209509993662756244e+00,-5.052321157750120362e-01,-7.840870831482776637e+00,-1.928555594469380452e+01,-5.210679842109151139e+00,-1.818686581537257752e+01,-3.938289504505583238e+00,-8.637460818415488850e-01,-8.038941859239223220e+00,-1.677631606743007353e+01,-8.094090348816747493e+00,-1.027813839361720660e+01,-1.045945082608542975e+01,-1.345734647752052204e+01,-4.149422519241932505e+00,-1.361079572911082280e+01,-7.015384307511021156e+00,-9.682882814841796915e+00
-2.247846428929515028e+01,-4.226090088498008157e+00,-2.021590958701601082e+01,-9.882157333665528398e+00,-4.576374431333971593e+00,-1.580571383441268551e+01,-2.655533801874817001e+01,-1.010567414111274154e+01,-7.271392235347700073e+00,-2.583986114964429248e+01,-1.444104701132938651e+01,-1.143599912950616115e+01,-3.887714146929355685e+00,-1.356139403907113206e+01,-6.360102406727784263e+00,-6.553671500741621081e+00,-3.731690049898535033e-01,-1.898346665477671635e+01,-9.349155637989344569e+00,-8.286934672835290172e+00,-1.480934345962474019e+01,-7.700688238088777560e+00,-1.661521860997285316e+01,-1.966550086085034721e+01,-5.398862510345134424e+00,-1.117528563543047149e+01,-2.285005829760576290e+01,-1.147424528977661140e+01,-1.759265565824415845e+01,-9.545819451184030413e+00,-1.413893103355285952e+01
-1.822192809231961164e+01,-3.848479899456497821e-01,-4.444157378149572679e+00,-2.193791172886086827e+01,-1.689326750641830444e+01,-1.726468558482481708e+00,-1.330714320822267815e+01,-9.717777616240924843e+00,-1.320732653325144001e+00,-1.270908775671091995e+01,-2.718151987429921590e+01,-2.074560146481514877e+01,-4.727380358774714075e+00,-2.546842880966359690e+00,-1.290577156769275469e+01,-3.040849483020271915e+00,-2.628127411254098655e-01,-1.053960470986719855e+01,-5.493522538672057642e+00,-3.495656514175787599e+00,-1.320957492545252343e+01,-1.361340564210903326e+00,-9.520010923533675395e+00,-6.356606394941458404e+00,-7.936777447799005181e+00,-8.610120268010367894e+00,-3.811927258731293477e+01,-1.412090573169283303e+01,-4.376280763795309170e+00,-1.184315300412019489e+01,-1.054559072250774499e+01
-9.257724430847504848e+00,3.302784242740099824e-02,-4.854928466111355867e+00,-1.025899999403803831e+00,-1.351502468031339221e+00,-5.574065785149130647e+00,-7.500486899425357734e+00,-8.116062038255632771e+00,-7.766698065892851943e+00,-9.110933350588371837e+00,-2.192231501840122121e+01,-2.565188079190068748e+00,-4.991758583551757056e+00,-8.303177248613275996e-01,-4.134363936077830814e+00,-1.880206524495631726e+01,-1.331611413602198724e+01,-2.540649268980657460e+00,-3.879716337624287803e+00,-3.426265980427952940e+00,-7.475761936759674597e+00,-4.346449818874342341e+00,-5.687027579157928336e+00,-1.600915386751132630e+01,-6.220635753619488950e-01,-9.849745237665127107e+00,-2.510469802437273046e+01,-1.148898039027505646e+01,-3.791160465901806553e+00,-3.574267266865445158e+00,-4.375571906635834729e+00
-9.784180627904296657e+00,-1.989250951590017280e+01,-1.464619542342149749e+01,-2.270140178398779796e+00,1.806686686083135651e+00,-8.528464775087364558e+00,-3.687627403920290536e+00,-1.465749392859350841e+01,-5.428743372022246660e+00,-9.570677342871590554e+00,-1.249584218987318529e+01,-1.563651705762698907e-01,-2.880697588244422569e+00,-1.958065623252093346e+01,-2.068351623976023745e+01,-1.417573325072799761e+01,-6.492502807965086831e+00,-8.621352665825599004e+00,-9.929186425198777144e+00,-1.509346173271610247e+01,-1.106305599913526727e+01,-9.684541030877548806e+00,-9.627970602242632125e+00,-7.086371697045318108e+00,-2.893811211294588404e+00,-1.996901670460874101e+01,-1.579440396946658254e+01,-5.350714638205694484e+00,-2.251944939096817677e+01,-8.925904465824057610e+00,-6.972573353849904620e+00
-2.566457452315376475e+00,-2.379642951674636109e+01,-6.402132109187961717e+00,-4.215766058677910877e+01,1.256852996080406459e+00,-1.010262993738609438e+01,-2.313792381738419390e+00,-2.271128123907687524e+01,-1.368240224572925889e+01,-7.533341119602891212e+00,-1.479511267126984997e+01,-2.108955792769267035e+00,-4.613412478641125247e+00,-2.045103198528334687e+01,-1.147297483479077940e+01,-1.555696153441886054e+01,-5.642644139792936109e+00,-1.377609129739078853e+01,-6.170355770405025808e+00,-2.226892140385767327e+00,-7.453984509514106627e+00,-6.438432346442391818e+00,-1.239472946645257068e+01,-3.998573813184907344e+00,-4.148894852462460037e+00,-1.078385028728592232e+01,-1.456243926700838287e+01,-4.007344315186098349e+00,-1.327765397411208026e+00,-1.139504140939201449e+01,-1.224410213738174846e+01
-2.801179197214374916e+00,-1.319278367927769757e+01,-3.802807284717429681e+00,-6.556769029205485211e+00,-2.132634730003716506e+00,-3.742178146993651477e+00,-6.076229602791556772e+00,-1.678347899753368466e+01,-1.606460016909827715e+01,-2.893802064718794753e+00,-4.567309156945599469e+00,-1.381650029892177223e+01,-3.385990029369425169e+00,-7.697923329412429183e+00,-1.225843879603393560e+01,-1.012703928982703161e+01,-2.201301970236561090e+01,-6.711692087769875137e+00,-3.133843698240543763e+00,-1.260880668455656828e+00,-7.962109354105769476e+00,-1.696631267166016599e+01,-1.326790706463279612e+01,-1.034304511797394532e+01,-3.777478049822326600e+00,-1.184695205877287982e+01,-2.703403876673117523e+01,-1.064268737687239152e+01,-1.439591353356587788e+01,-2.984769200254489441e+00,-8.120028736388094970e+00
-6.076547790404568161e+00,-1.530929558458818818e+01,-1.440280049050761413e+01,-2.915217403093408599e+00,-4.463901291241716862e+00,-4.508244873674427389e+00,-1.851707632023153138e+00,-1.789543487166059776e+01,-2.772908657596027382e+01,-1.659989332563335918e+00,-1.627050912879130351e+01,-1.669086726726765946e+01,-9.432609470165060017e+00,-1.396106908811676206e+00,-2.086745521707772166e+00,-1.029719393077277267e+01,-2.343624514807298453e+01,-1.708839577235600427e+00,-1.399751555351403276e+01,-2.180002368398518797e+01,-1.584040302919375165e+01,-1.630083333438682169e+00,-1.360010533239977448e+01,-2.019383378308956978e+01,-8.079580258602508280e+00,-8.459317362809247953e+00,-2.293901717759377235e+01,-1.827877750129581358e+01,-1.886826335840770241e+01,-1.103244310286901175e+01,-1.209889670001342132e+01
-7.414388837018961453e+00,-3.636336227733111315e+01,-2.139790783191843815e+01,-7.597955557646852931e+00,-2.372116754269123717e+00,-6.400119734535451244e+00,-7.854996359379764925e+00,-1.691452873332164231e+01,-4.358437659497224281e+00,-6.768879826276060996e+00,-7.304917802284842665e+00,-4.421632602192675954e+00,-6.189334782524175793e+00,-1.606973907752433428e+00,1.537227823203460575e-01,-2.560084232940189164e+00,-5.698763232695714720e+00,-2.419797261018834522e+00,-1.388083192261535004e+01,-1.805750065179745434e+01,-3.437239194441529477e+00,-7.994486194396679402e+00,-1.466595371437673201e+01,-2.674431099717953941e+01,-2.742321215138640866e+01,-1.767189424465338732e+01,-1.568120729979331074e+01,-1.416366587224278462e+01,-1.582659903917262056e+01,-1.587366274704514746e+00,-1.785685005109744949e+01
-9.480840390061507250e+00,-2.553616066052536127e+01,-1.766265172024178653e+01,-1.731223648050362129e+01,-1.562594375675943326e+01,-1.753964863869050106e+01,-2.370781688900243722e+01,-3.669754346855059168e+01,-7.823456362968319588e+00,-1.014507093164199070e+01,-4.919753134763594105e+00,-1.152032595401709969e+01,-9.688869335206968358e+00,-1.564479352678390178e+01,-1.099811488554436956e+01,-1.234351564244122024e+01,-5.107375726681842032e+00,-1.093416775241645489e+00,-2.124724806126451782e+01,-2.714755072276145853e+01,-9.014158489137533703e-01,-2.069358199044478397e+01,-1.644766589504639853e+01,-1.928525422075684403e+01,-2.713169855236131767e+01,-2.381588272476775714e+01,-1.260788885413602145e+01,-1.262575482503801894e+01,-2.485409358075028496e+00,-2.355816585537317209e+00,-1.323181370741375318e+01
-1.400361262762359260e+01,-3.184231723559452121e+01,-2.427013788030338759e+01,-1.843977534500594118e+01,-8.494401141496609853e+00,-7.183234634352607451e+00,-2.227680844923292369e+01,-1.993860446005082920e+01,-1.059543594674750899e+01,-3.009673978871845179e+00,-4.330193278236113663e+00,-2.276893289131731279e+01,-1.022071100444912872e+01,-2.065197089359747995e+00,-1.306641989324567321e+00,-2.120963822547427213e+00,-1.283676692570393030e+01,-1.102902955067514768e+01,-1.658937803057578009e+01,-1.545911953940550632e+01,-5.934775817101201056e+00,-6.106937475781101909e+00,-8.116108311585161772e+00,-9.641694764587800393e+00,-2.749859184255100075e+01,-1.102092243156171847e+01,-2.232938957927533608e+01,-3.811767060206274760e+00,-1.582786825475390913e+01,1.988253335723022319e+00,-1.196449751645545234e+01
-6.559973173866872287e+00,-1.477905141118375276e+01,-3.583168374289377844e+00,-3.526624382261267510e+00,-2.723350617873792512e+00,-5.748695356213966434e+00,-2.020903879299549288e+01,-6.666183712635188385e+00,-2.701912691747812456e+00,-2.610306562450132706e+00,-6.591298963827649793e+00,-1.427089200350763143e+01,-7.182991555298791297e+00,-8.233751123827904195e+00,-2.367554788909242092e+00,-1.497384244084813965e+01,-1.739386638608642954e+01,-1.299819594854634630e+01,-5.255138042086238137e+00,-4.896334948388788355e+00,-2.123464479525206627e+01,-8.611466926061492444e+00,-7.690474826529332120e+00,-1.059321619647834112e+01,-2.668597896631886712e+01,-1.102112177110251423e+01,-1.372957531595994318e+01,-9.935844661342782658e+00,-1.450239615080526789e+00,-7.305177878284080606e+00,-1.225657322105986680e+01
-1.193179960919930593e+01,-3.411813333288973737e+00,6.812523278019735340e-01,-9.562999539163588025e+00,-6.531257194025768875e+00,-1.473077443482979376e+01,-2.168952913141110717e+00,-6.375506193108222419e+00,-2.869150482481707787e+00,-7.955718082053971685e+00,-1.357444999154842691e+01,-4.825605793243024522e+00,-3.441132706643559747e+00,-4.895688184607457138e+00,8.793649686629322337e-01,-2.283543250290786730e+01,-3.428219898799735432e+00,-2.476698291040825506e+00,-2.793137893552766648e+00,-4.071203171553255729e+00,-5.276166630104427213e+00,-1.357718514564901469e+01,-1.008003652912656811e+01,-2.429746199598105960e+01,-1.927869457947976883e+01,-2.284404225833793589e+01,-1.566527073237116774e+01,-1.240897605828590144e+01,-1.179539986440583021e+01,-1.175874397295908125e+01,-8.137958354322185173e+00
-1.258632458322674275e+01,-8.787505623270147836e+00,-4.210073683873318373e+00,-7.328483344562513047e+00,-4.353454101684378408e+00,-1.143970206742625173e+01,-8.498155353380120403e+00,-5.743516387232556752e+00,-5.117885113446147827e+00,-1.325320921232578719e+01,4.939891531464173369e-01,-1.457161276027235886e+01,-7.163140399217392762e+00,-5.062114916299893963e+00,-1.771962737800917065e+00,-6.080486110188108029e+00,-6.452271520839788721e+00,-1.086936420853559326e+01,-2.098273652185497440e+01,-1.674873143866851422e+01,-4.789540394999308504e+00,-1.039401835328702894e+01,-6.578178599867833043e+00,-2.759824151994118679e+01,-2.473824499655899700e+01,-2.889254533741248210e+01,-1.371105659130218690e+01,-1.038050872236251010e+01,-7.357162138351287517e+00,-3.048384021849012804e+00,-1.432131436024485005e+01
-5.528783911198498657e+00,-1.366944377221601670e+01,-3.362316998828962955e+00,-6.631456051667691476e+00,-1.033552640415815560e+01,-6.109526122875661436e+00,6.380618566792439772e-01,-3.635944908118107222e+00,-1.988631267087938781e+01,-1.266831588247599427e+01,-5.412254084102992024e+00,-4.614808703542284896e+00,-7.657862570240045130e+00,-6.567420624958585584e+00,-9.663732191207248690e+00,-6.465888095255333923e+00,-1.025543690843951516e+01,-3.436503869631810915e+01,-1.210215974348430201e+01,-3.229746158972595094e+00,-2.151962560633704058e+01,-9.394405448344747001e+00,-8.750151107540384388e+00,-2.136280212778274645e+01,-2.950730281160986124e+01,-2.730613092183751434e+01,-1.733671745012118848e+01,-3.300517312332909459e+00,-7.228154218142959664e+00,-4.176629870530613076e+00,-2.766016033170032884e+01
-4.221904018589166085e+00,-1.084169807943286479e+01,-7.972612336182915982e+00,-5.706308841950678001e+00,-5.120783597693707279e+00,-6.785179109763306293e-01,1.397907839924340312e+00,-1.306692588254460041e+01,-3.252832318489937080e+01,-2.555008945406415677e+01,-3.029285716257531291e+00,-8.002209934196095276e+00,-3.543487754791821764e+00,-4.506762783756939506e+00,-1.133843600714141964e+01,-1.651706466108445781e+01,-1.516242817237762708e+01,-3.142185580490540531e+01,-3.444668646828608871e+01,-8.938527586194211949e+00,-1.280569048881024408e+01,-1.466550643044080893e+01,-3.743747079464449179e+00,-2.030178714175435317e+01,-9.349854938806181792e+00,-1.967799832737410526e+01,-1.639200686972171184e+01,-1.447948030284184107e+01,-5.382801349631483490e+00,-1.020624621309852742e+01,-3.207283788538565972e+01
-1.232476724349895036e+01,-1.126159215751662224e+01,2.316888006079532158e-01,-6.507389000999700635e+00,-3.769610576146221526e+00,-6.988477346675051827e+00,-6.139456508491424103e+00,-1.619398738715127450e+01,-5.384393768845637140e+00,-1.634732578994501395e+01,-4.723113085017765833e+00,-3.983436355005556262e+00,-7.246200848315387688e+00,-5.010245242766476759e-01,-9.212653964723703126e+00,-9.444530113908992774e+00,-1.502159213647907876e+01,-1.448991880393640308e+01,-1.859339700209092427e+01,-2.685367806993322404e+01,-9.070395507818396652e+00,-2.828504793020580332e-01,-1.160877986232968340e+01,-1.000602917959807048e+00,-6.276192766589762329e+00,-1.403635582832155748e+01,-2.071830756633174531e+01,-1.081790878562367553e+01,-1.337891008100590362e+00,-3.966299757757503208e+00,-1.909650268015994712e+01
-2.673247058797344522e+01,-1.532399994737553328e+01,-7.043912098892375795e+00,-1.199144662772039638e+01,-2.822462207082821806e+00,-4.421565334238879430e+00,-3.654228321213638608e+00,-1.886786231564939698e+01,-8.211081038081948336e+00,-1.867896954249390262e+01,-1.812070927002951848e+01,-6.262563355823602684e+00,-1.113494344618498744e+01,-2.159573033711040591e+00,-4.394632386862207696e+00,-3.090394909963042558e+00,-1.169620424348476639e+01,-3.185016778081215527e+00,-1.324696994490815882e+01,-2.117527726388420461e+01,-1.203161320492769981e+01,-2.623418539184906528e+00,-8.185950833165680507e+00,-9.666955145972130126e+00,-2.611944190738211713e+00,-7.472406420728383125e+00,-3.170648260012949393e+01,-9.168201177572555594e+00,-1.178196789334198108e-01,-1.634504827895811729e+01,-1.102144406205626836e+01
-1.583779621176408092e+01,-1.356608040243371960e+01,-1.334516333978733549e+01,-7.621812433304706147e+00,-1.072227365233571028e+01,-3.468352110398898347e+00,-5.951522577356329613e+00,-2.306777045933770509e+01,-7.304624744030403960e+00,-2.828654172649626730e+01,-6.405129688899710239e+00,-1.753781241961219095e+01,-9.957998613487864858e+00,-1.190346502142524798e+01,-6.166700199344710143e+00,-1.476250291017082716e+01,-1.502925363875737830e+01,-3.822562368350992390e+00,-1.818406930793155851e+00,-2.561458586122344983e+01,-8.654858076441664494e+00,-7.470578539728255585e+00,-2.154555693915842696e+01,-7.310947492463773401e+00,-1.625361829346911691e+01,-2.593101575425390592e+01,-2.864160589103358490e+01,-1.559929981339536198e+01,-4.982882454514964365e+00,-2.269384201582388183e+00,-1.185737116352705556e+01
-2.403315800754268139e+01,-3.964031007620234526e+00,-1.412531808086075458e+01,-2.067155588845501324e+00,-4.570261472570010142e+00,-1.341200526533001103e+01,-1.115104703478263914e+01,-1.977510519254768795e+01,-4.097195088551202957e+00,-7.195957811679840610e+00,5.704816051800618570e-01,1.590656164138003204e-01,-7.584059534617574094e+00,-1.885243602735851809e+01,-1.621696949264212506e+01,-5.823040699006336141e+00,-2.133205913962934019e+01,-1.411448269364921160e+01,-4.131886940126047847e+00,-2.162776716580041025e+01,-1.219556269649134350e+01,-1.204588293236405505e+01,-1.710296476701081048e+01,-4.460892513446955476e+00,-3.389898675993094468e+00,-1.567640209852758026e+01,-1.685176117962406650e+01,-7.001416211420496083e+00,-2.254576577247753288e-01,-5.311236208821662252e+00,-1.104674333227448280e+01
-2.016524741031545531e+01,-3.991572151210205366e+00,-1.995333888197987093e+01,-9.668167650411890079e+00,-6.954665727049428092e+00,-3.708978552430923781e+00,-4.990961748806789444e+00,-4.215013546074789730e+00,-1.477564540838204721e+01,-4.270246286249207657e+00,-8.389477122763208783e+00,-1.191102027793056628e+01,-6.791784406619214565e+00,-1.897069745926117790e+01,-9.636677647507452704e+00,-3.892718708264447436e+00,-1.720091425612257297e+01,-2.094966558139733426e+00,-1.304492617238448915e+01,-1.686268057743411575e+01,-2.143485984323217153e+01,-9.936251933323223540e+00,-3.682651309637442694e+00,-1.154923263554877622e+01,-1.786208567183047080e+01,-2.715932648732650634e+01,-9.712611230253186179e+00,-2.282557489770918213e+00,-6.872724078201178699e+00,-3.621534854885025023e+00,-9.824735000422130327e+00
-1.078961159987332863e+01,-1.667723656794621334e+01,-1.748497687164829983e+01,-6.155499744206337276e+00,-3.739277993438252512e+00,-3.134796032868198967e+00,-3.602115003892304657e+00,-1.142975938509168898e+00,-2.201974865842633022e+01,-7.642861082884245150e+00,-1.525584446101748171e+01,-2.294660502228639043e+00,-5.652608658517435103e-01,-6.924652191724582018e+00,-5.573006081862042826e+00,-1.648341588541645919e+00,-1.036809486804535041e+01,-1.596950995164493570e+01,-7.065810278523123600e+00,-1.461399790165474855e+01,-5.044353437392941064e-01,-4.178673179072529109e+00,2.042158302619630217e-01,-2.817986872867579873e+00,-1.442750807423993820e+01,-2.155119644035185544e+01,-1.065224264402256793e+01,-1.348674378839496768e+01,2.050093340327769353e-01,7.499519609889009342e-01,-1.233369544358493819e+01
-6.005105421795978060e+00,-3.134761667023372667e+00,-1.106318643158222592e+01,-2.273123366886962593e+00,-1.469417521352429423e+00,-1.369597574468760293e+01,-1.329992858603405104e+01,-4.335360771844797512e+00,-1.229084768191102306e+01,-2.136612875411286971e+00,-6.435980559806936396e-01,-1.843760024707580669e+01,-9.710669683407729735e+00,-7.047593269417045114e+00,-9.470392736562187608e+00,-4.687481681096411279e+00,-4.220917662701174855e+00,-8.899757567219443999e+00,8.686384398272828378e-01,-7.909752993966367995e+00,-2.835913484355501168e+00,-1.616007603135439652e+01,-1.311852298402152428e+01,-1.527325345680867130e+01,-2.800512093324330376e+00,-2.212224884273403802e+01,-1.169025768494467954e+01,-6.887272627552287751e-01,-4.453803357160608378e+00,-3.530934117645576187e+00,-1.304071037765710628e+01
-1.362029344390564489e+01,-7.413493615826625138e-01,-2.393366238251643185e+00,-5.341960673497442968e+00,8.405596234469882300e-02,-6.243043054898814503e+00,-1.080780775593385101e+01,-5.694025570623070465e+00,-1.094472066479616146e+01,-2.635836115626193799e+00,-2.227541777354411945e+00,-2.647220034153651369e+01,-1.159121102074577436e+01,-1.176397729834316230e+01,-1.251337319750127852e+00,-4.686902889329369160e+00,3.120868849374879850e-01,-1.018714785772509757e+01,-5.005833878959027317e+00,-1.260216122536110106e+01,-1.999575067222677804e-01,-7.538108492434727026e+00,-1.960140447077344916e+01,-3.270156991338184582e+01,-5.411074675099483144e+00,-2.117229198314454308e+01,-1.466697110247665137e+01,-1.264023653521363588e+00,-1.401682915265870477e+01,-5.505497665546600361e-01,-2.211936137957416548e+01
-1.378347953587995001e+01,-1.672175931103672752e+01,-4.996237208201663726e+00,-6.440596503459677713e+00,-1.378771465506854632e+01,-4.464212122320761367e+00,-9.821062660096190333e-01,-7.139079672833833712e+00,-8.944100690236371776e+00,-7.454014660995311736e+00,-6.853214524029019650e+00,-1.115794553524336585e+01,-7.473875528747316643e+00,1.967231452590763263e+00,-7.849770603285229242e+00,-5.478196956055281674e+00,-1.143562606203211196e+01,-2.516878126566897578e+00,-1.977887979836392063e+01,-4.100486944346581342e-01,-2.014987431213851821e+00,-2.102294511084899753e+01,-7.194746518909072464e+00,-1.398388677517393575e+01,-1.306883053934388350e+01,-1.472068318475675142e+01,-1.929499070781342240e+01,-2.469496863454842206e+00,-4.041292635539315725e+00,-1.050377712996993118e+00,-2.010146660281045072e+01
-4.545160627572912837e+00,-1.392745784584546520e+01,-3.039011868651919190e+00,-1.085704288504868664e+01,-1.204467058432422455e+01,-1.058621351603860816e+01,-3.336019729324167571e+00,-6.263062342147835082e+00,-1.215687189172400551e+01,-5.166872225232945759e+00,-1.033769933241688221e+01,-7.981398803295050470e+00,-4.504380170458208710e+00,-9.750580979662024639e-01,-1.423896377717175632e+01,-7.908027392990182314e+00,-7.659310305386934914e+00,-1.858114897057115966e-01,-1.626083815427194779e+01,-5.703924099907946577e+00,-1.214329041305432710e+01,-2.098377061658259990e+01,-5.485731807942276994e+00,-4.401686556030749209e+00,-8.883390893410043176e+00,-1.098692491805410754e+01,-1.088055336337624723e+01,-1.003712442576629060e+00,-3.842602297186472615e+00,-1.062791056198091333e+01,-4.031995781731524175e+01
-7.060462050381282495e+00,-2.350399958226251229e+01,-7.034869114531078216e-01,-1.295064699651785389e+00,-6.535597309006293543e+00,-1.471487755410271703e+01,-1.843911536393329342e+01,-2.023211016777583282e+01,-1.441818964321223362e+01,-1.497844143596055444e+00,-6.434680175182721840e+00,-3.520186239896453628e+00,-7.587514527014831422e+00,-4.951344459253849806e+00,-1.376859711879408543e+01,-6.881503414906619653e+00,-1.083375621162929292e+01,-1.825031200343097382e+01,-1.800564667561344478e+01,-8.896677803033576026e+00,-1.600145478591283421e+01,-1.462014829105915403e+01,-9.316074672271772883e+00,-2.764557061796136139e+00,-8.515194259915931596e+00,-2.797124092269814355e+01,-1.809025565533568880e+01,-2.096171162366285756e+00,-2.689387924241759986e+00,-2.490481672079632602e+01,-2.461206019340426820e+01
-2.140756832789934805e+01,-2.450413289587674015e+01,-2.706942683262756777e+00,-2.341469541818630873e+00,-8.560719035831812818e+00,-1.328939911367539928e+01,-1.360860782097678090e+01,-9.439754835098080221e+00,-1.414247480246878297e+01,-8.593496679039494879e+00,-8.543079633428334319e+00,-9.208514340980237023e+00,-9.162882388787839005e+00,1.577574704462329835e+00,-4.526861407047992891e+00,-5.064769333394901984e+00,-8.588599632935826733e+00,-1.515684697836733541e+00,-5.281937698518486268e-01,-1.144270722871751289e+01,-2.046445269730499561e+00,-3.032413958707071089e+00,-5.168073611795698241e+00,-1.890675199067711088e+00,-1.204591521773931717e+01,-2.234995680778421701e+01,-1.025627408683835284e+01,-3.923370039593750747e+00,-8.367054808857163906e+00,-2.420829223498193628e+01,-2.680556526898989489e+01
-5.500972148390560257e+00,-1.010855434293381983e+01,-1.113244699863775899e+01,-1.124405601531839238e+01,-3.489605148036140747e+00,-5.199475211289645848e+00,-5.005915477708009931e+00,-4.794314461882742684e+00,-9.272414438154175542e+00,-6.793509521299577969e+00,-6.027433426149957363e-01,-1.938682728982738013e+01,-1.006930752575349430e+01,-7.904960125122767245e+00,-1.475167349815801110e+01,-1.055317092091714315e+01,-2.451335681522480314e+01,-8.806851351412321449e+00,-8.801058938493145689e+00,-1.669040222644366622e+01,-1.601556095167014959e+01,-1.219489707495396758e+00,-1.831196314211444331e+01,-1.816606049898218700e+01,-3.212305950077424477e+00,-5.435948355660943143e+00,-1.498582898780415285e+01,-1.946514098687641336e+01,-1.659927496066902464e+01,-3.621636605083834581e+01,-2.004679443484948820e+01
-6.695930775168928761e+00,-9.944726180021277173e-01,-1.587482187790530119e+01,-1.911635904866557922e+01,-6.555094020339948813e+00,-6.539534358982862727e+00,-2.025958643382617108e+00,-7.022192189011466468e+00,-5.542660476435451677e+00,-2.954666166337184929e+00,-1.430478484206745282e+00,-1.670551538482637355e+01,-1.002905345527289427e+01,-3.795197738842681634e+00,-7.579749261495400958e+00,-9.376171290741881492e+00,-1.717214809090508965e+01,-2.106582699800009451e+01,-2.188056817084008898e+00,-1.518994870146058052e+00,-1.408620567715007610e+01,-1.571135167929209686e+01,-5.138348926983010045e+00,-7.331224710999016958e-01,-1.459561128871913738e+01,-8.603672176097569846e+00,-1.054089172497913829e+01,-1.380646253320652761e+01,-1.002735934669898477e+01,-2.580954376829227570e+01,-1.932830824743179221e+01
-3.853438992388031892e+00,-1.136947334067570026e+01,-1.499976439794747662e+01,-1.734383866285322995e+01,-2.314186817724643921e-02,-5.217324402072650358e+00,-6.474105353847850353e+00,-1.047910206822509682e+00,-3.007528768249374540e+00,-1.710001268096376981e+00,-1.691814122556832345e+01,-1.594734262512095313e+01,-9.938543520502969741e+00,-5.450744272134766533e+00,-6.551570102670870810e+00,-1.057230989583178271e+01,-7.430978033606948863e+00,-1.171271362967802077e+01,-7.386035525411179137e+00,-2.306788398003218887e+00,-1.157915874362107012e+01,-1.534304861366211625e+01,-1.437426023036697309e+01,2.824856048173013945e-01,-2.499464459245912451e+01,-1.342602523332868891e+01,-2.719118904874616405e+01,-1.133724807058252182e+01,-3.340418805315130690e+00,-1.735498812700364013e+01,-1.367702896782533095e+01
-1.281184817063705061e+01,-1.197782042668633373e+01,-3.701765504314606048e+00,-1.502779535758081941e+01,1.553080354692428555e+00,-5.766840390986219589e+00,-5.295489558305965794e-01,-5.309608272733211898e+00,-1.378986146435197213e+01,-3.102709011403371520e+00,-6.954669237848662533e+00,-2.018998866524642466e+01,-9.132358648531312184e+00,-5.721736725193431461e+00,-1.493164943466667438e+01,-1.436093596155765262e+01,-1.669811524614001730e+00,-2.586540675253623434e+01,-1.159407996911840399e+01,-5.619725591026886846e+00,-5.136360521810825475e+00,-8.587807267777256115e+00,-4.744123470984225044e+00,-4.836344202865162423e+00,-9.590485426096975630e+00,-1.588586405876985452e+01,-1.653016627200744182e+01,-1.106631420106669239e+01,-1.430799277092975608e+01,-7.011147455210110735e+00,-7.868312623206803025e+00
-5.308827426455397180e+00,-8.235986855024711062e+00,-8.094406670565682305e+00,-3.884070602941629868e+00,-9.698733389982777453e+00,-3.753106657027001081e+00,-6.671056573602477613e+00,-1.533011237963155793e+01,-1.089601723146050460e+01,-7.532107446561736808e+00,-1.903755291157384288e+00,-2.570707138077808906e+01,-2.271937013803041694e+01,-2.447864812329776285e+01,-9.219132975056584911e+00,-1.235511940173016399e+01,-2.582990353397802252e+00,-2.419841844160397670e+01,-1.228784459710013266e+00,-1.273572239919570137e+01,-6.416692276391973593e+00,-1.218204342688735942e+01,-6.649453351793518152e+00,-2.622706214658513169e+00,-4.050425743246632848e+00,-1.354872687774241591e+01,-1.037604620627755736e+01,-3.414795529511461147e+00,-2.060151758828177293e+01,-8.848494980220255712e+00,-9.235442569734555462e+00
-1.239318595993250938e+01,-1.994859199659568594e+00,-1.233318537658390923e+01,-5.440437976598524017e+00,-2.429214142148187427e+00,-7.123723278354123778e+00,-1.377442702106554506e+01,-4.746818386528099509e+00,-1.258740789129849658e+00,-3.078233662373219826e+00,-1.456228699274560867e+01,-3.423932982363515976e+01,-8.541841536092547926e+00,-6.233346310262187551e+00,-6.637429031710801119e+00,-8.480102733344791588e+00,-8.592509550299270771e+00,-1.004851642013746016e+01,-8.831294168641793618e+00,-4.724217591067711552e+00,-1.263250420517995032e+01,-5.189749805481154610e+00,-1.147939147316159314e+01,-1.045165591682587092e+01,-1.652047389693864687e+01,-2.224404565853812699e+01,-3.316129766175281190e+01,-1.130593154799868572e+01,-2.227637543819946586e+01,-2.422987390490759907e+01,-1.502805371419660574e+01
-3.450442090147880947e+00,-4.196326252730126605e+00,-1.349325437333212108e+01,-1.358942017330820207e+01,-1.081890851675089138e+01,-2.575355230424783315e+00,-6.421136341886109378e+00,-9.339481335973369269e+00,-1.407158595483380381e+01,-1.204138455815061448e+01,-1.937688304893313562e+00,-1.939678949415996456e+01,-1.018283776275725749e+01,-5.034284691611826901e+00,-1.524683980515032111e+01,-1.916836877991238453e+01,-1.227600702284001244e+01,-1.223621736383395842e+01,-2.545215911844518786e+00,-4.440971357542924380e-01,-9.394458553912807375e+00,-1.166931951857622884e+00,-2.831362546553732784e+01,-2.605679160096224223e+01,-3.354651629883766617e+01,-2.823769419577910611e+01,-2.797728651916079201e+01,-2.345887102544803327e+01,-1.123972683764642255e+01,-1.491128228471837858e+01,-1.485028102329753175e+01
-6.395251772189416428e+00,-1.645737481915244871e+01,-1.423812276906428664e+01,-1.652929103647818820e+01,-1.331209181682300446e+01,-5.151316583520508807e-01,-8.426803714095175479e+00,-5.828583347235247736e+00,-1.816411687740962222e+01,-1.710593040536538467e+01,-3.374662899812754357e+00,-6.478706881105291693e+00,-7.889350251640938616e+00,-5.202041946689403007e-01,-8.217703700278395473e+00,-2.268479279090263034e+01,-2.829638945774620051e+00,-7.986831078472532042e+00,-6.298810758369400631e+00,-1.289573629958636225e+01,-4.410095423394812642e+00,-4.918843708646197577e+00,-2.525826236318952311e+01,-2.655570730712868510e+01,-2.538421540379159680e+01,-2.451789828665745574e+01,-2.120498466212821143e+01,-2.202351459002981215e+01,-1.216705237802796802e+01,-3.769693104188621025e+00,-1.106567313228942950e+01
-3.437489056929933895e+00,-7.252863007124783490e-01,-2.284822175170342806e+00,-1.351459541941877873e+01,-7.691560914964010731e-01,-1.025554476975546470e+00,-1.850199493642297455e+01,-3.493188573764553162e+00,-2.621182493515389567e+01,-6.292990125754430508e+00,1.431525829835473385e+00,-2.405362669627746808e+00,-1.394124812457084772e+01,-1.235853435947223922e+01,-3.763015465209454291e+00,-1.654434256005268722e+01,-1.364627821003096741e+01,-3.609449714314565405e+00,-8.773361596504368976e+00,-3.973540193977720403e+00,-9.296573789256587617e+00,-1.317861517235995450e+01,-2.847212526872527860e+01,-2.069575715926669091e+01,-3.258017483521103941e+01,-2.353929757260251776e+01,-2.002735886159477019e+01,-7.611489624317540503e+00,-1.052924464734995524e+01,-7.610111666466183866e-01,-5.591493999526639946e+00
-1.272172865274054665e+01,-8.598654063796143276e+00,-1.241026202687081970e+01,-8.662781595714893257e+00,-1.295278250015910260e+01,-1.137448416869242696e+00,-4.725466795174386903e+01,-5.618096236083729877e+00,-5.602233553076876760e+00,-4.972181118423975477e+00,-9.800995356816933901e-01,-1.286728405743371795e+01,-1.969423184865899401e+01,-1.354744633328180825e+01,-8.505457722844905533e+00,-6.000546074119197826e+00,-1.469645265295783609e+01,-3.803559409459643881e+00,-9.825806755042927776e+00,-2.141334353015077241e+01,-4.246512201448684465e+00,-2.947496663550680296e+01,-2.674558955965181539e+01,-2.287314281751337219e+01,-3.397216149645641536e+01,-1.893971762407754866e+01,-1.425191738919424189e+01,-4.263805202827714247e+00,-3.800874118444127703e+00,-1.363731794969416100e+01,-6.965579261565245872e+00
-2.390297182438946422e+01,-1.893754182394454233e+01,-2.450772405937189902e+01,-1.456706021595680411e+01,-7.995761777360518963e+00,-5.052810816352390155e+00,-2.605861895826196317e+01,-1.537154642408403760e+01,-2.809403224222286166e+00,-2.826153476041915802e+00,-6.544940821568006939e+00,-8.773437709054913825e+00,-1.796668302995970379e+01,-2.872181549306482395e+01,-6.521996586923807016e+00,-2.698779395298800399e+00,-1.128016258115151160e+01,-2.467378448075244535e+01,-2.597730320048128050e+01,-3.447395308066203867e+00,-6.009551395756167480e+00,-3.182522690215274963e+01,-1.321557282120527255e+01,-1.290978733086966557e+01,-2.698424659374921220e+01,-9.579894450869216982e+00,-2.233060623519071441e+01,-2.877933453931643371e+01,-6.295112873340841020e+00,-4.279974624693291041e+00,-1.821275628766958121e+01
-4.566175833553538155e+01,-3.020397237047642847e+01,-1.627420531651570812e+01,-1.436244487704806971e+01,-2.384801036333959345e+01,-1.635143857577873661e+01,-7.827051518381855644e+00,-8.122500533575520265e+00,-2.167878239674492846e+01,-8.427107684442024294e+00,-4.483768263614001270e+00,1.144760040033834025e+00,-3.287608170672959851e+00,-1.251580721627605897e+01,-1.595683346008716441e+01,-1.481842852644974684e+01,-1.373242432778202016e+01,-1.936579963477989708e+01,-4.628949171573313315e+00,-6.184509822734205464e+00,-3.575776484169323055e+01,-3.704293953655339777e+01,-6.189679744636400471e+00,-1.216999939905752370e+01,-2.530355639267122569e+01,-1.319174335823476873e+01,-1.541542838802504711e+01,-1.844817652296476496e+01,-2.664328390903730792e+01,-1.939732121224343331e+01,-2.858722688977078619e+01
-3.868739319738024562e+01,-2.571693123888248422e+01,-1.386854857752972059e+01,-5.393660993360748890e+00,-1.050084972401832850e+01,-1.257110287192277198e+01,-5.545888956938171077e+00,-6.389824963005855452e+00,-1.880781275573166411e+01,-2.293932612447461139e+01,-4.282537165095948950e+00,-2.777193899912421937e+00,-3.392389976713661603e+00,-3.338407017388264064e-01,-5.433644626357152063e+00,-2.351437968301468118e+01,-1.621393773077057432e+01,-1.736099377200543969e+01,-2.832965193853743124e-01,-1.464929442630062262e+01,-1.928130919051125858e+01,-2.614539258756368056e+01,-5.667519759591633566e+00,-1.220098311514197853e+01,-2.332884390978842148e+01,-8.245905138752434027e+00,-1.762938790783846343e+01,-1.833094924740915843e+01,-2.387302080783624092e+01,-2.506012750061346495e+01,-1.561257592701780439e+01
-2.806442390501712936e+01,-2.649226685727596120e+01,-2.113913268473762841e+01,-6.338422205858815772e+00,-7.300346283391827562e+00,-3.336485331545686606e+00,-6.326026459895514265e+00,-4.207227574302850215e+00,-2.394196598934592135e+00,-8.995170981547644828e+00,-8.992400757683194357e+00,-2.156398582744115444e+00,-5.088597573025699816e+00,-1.870976578631243470e+01,-7.916918937632534181e+00,-9.303519974412559179e+00,-1.039959743460465447e+01,-2.600543670760711024e+00,-1.851199905405215951e+00,-1.473935142642961260e+01,-2.055162239211653841e+01,-7.573917491643166855e+00,-1.036332268866027562e+01,-1.000808988116308207e+01,-2.613090280719350034e+01,-1.453279912863736101e+01,-1.069515511715776768e+01,-1.756373007933182606e+01,-8.687142597489339479e+00,-4.064271147998915268e+01,-2.140512891605023071e+01
-2.137554255684959514e+01,-2.765754527225714554e+01,-2.093543009594957738e+01,-4.762347082094721351e+00,-1.018406041325364697e+01,-9.477668455891496535e+00,-1.117369402018254831e+01,-1.246134315207095611e+01,-4.327489615712713095e-02,-1.161706029055973310e+00,-3.884418886107068314e+00,-1.509104660932331043e+01,-1.080144131508821381e+01,-3.308400116520633105e+01,-5.427930749946732192e+00,-6.541580981598857036e+00,-2.412688147353392765e+00,-3.930921381020426875e+00,-5.901627943764042428e+00,-1.981058353402969274e+01,-2.115969903875740243e+01,-2.766478380198447162e-01,-8.388149243192845717e+00,-1.086217704619592439e+01,-1.353596840717615812e+01,-2.175889410295188497e+01,-2.345888789495703008e+01,-1.238425023560061966e+01,-3.695593951654505549e+00,-2.471654124670272878e+01,-1.467527789555113671e+01
-1.971223351372032795e+01,-1.771694329308205340e+01,-1.278713568142700829e+01,-4.585116987211019790e+00,-2.363954435866068593e+01,-2.136795057140873411e+01,-1.443736504229964979e+01,-1.376978525498039829e+01,-5.816267622177424101e+00,-3.353459758656140544e+00,-2.507306511621071543e+00,-2.179411793300466371e+01,-2.694350760669264488e+01,-5.208280502900764475e+01,-2.556924640123561687e+00,-1.146979038870934886e+01,-1.756165232250064179e+01,-1.168495295197161710e+01,-1.714062330266185707e+00,-3.568326711271411966e+01,-1.668273493385322581e+01,-3.478553220943733315e+00,-6.642961574747920928e+00,-3.159180178278266027e+00,-1.169703736764768109e+01,-3.492290181270697502e+01,-2.833933144784371549e+01,-1.696125184504968786e+01,-8.867216576920258220e+00,-1.018796590069797858e+01,-1.574772529224353690e+01
-7.366221652554322930e+00,-1.569189011523021904e+01,-1.035103041064967933e+01,-5.689749007723512442e+00,-2.345461037482527189e+01,-2.839680009206600886e+01,-5.146031174210454751e+00,-7.892649467940477059e+00,-1.872223283494133383e+01,-1.306164177361548440e+01,-1.548793530800218221e+01,-1.415667283313587532e+01,-8.345471429847956202e+00,-2.880139203619298627e+01,-5.875334523920613172e+00,-1.071889578080373440e+01,-1.941323647917517548e+01,-1.640458148308227848e+01,-2.711150240106659481e+01,-2.433751804509233452e+01,-2.169451597067523352e+01,-1.762374051343758552e+01,-2.310621647727289485e+01,-3.034307736102329622e-01,-1.546171199415367958e+01,-4.237428260592105289e+01,-3.105685228172237800e+01,-2.569750993163009056e+01,-1.663074292271370425e+01,3.047646425390135860e-01,-1.539430136348962819e+01
-3.803322223123928314e+00,-1.208518799134924038e+01,-1.221906246421274211e+01,-3.720552690950595043e+00,-2.273846991808848372e+01,-2.423917293095099623e+01,-1.129228197894402719e+01,-5.231394279474983477e+00,-1.225820039562434971e+01,-5.669920965891838804e+00,-1.295200323469070014e+01,-1.119642622687925204e+01,-4.008878008006162119e+00,-3.137102123608586979e+01,-7.470185267667837081e+00,-7.510985752018846107e+00,-2.072548341089317958e+01,-4.793656765218270444e+00,-3.313956574276745926e+01,-1.185788516246826774e+01,-3.421518897096752276e+00,-3.072592633214933144e+01,-7.947328831774172819e+00,2.806851331406124306e+00,-1.854627006588017224e+01,-2.344565067584970564e+01,-1.155715460180948462e+01,-1.111738950547642801e+01,-2.961786115804070807e+00,5.320323600262605312e-02,-1.108168846008394759e+01
-1.798539580264937143e+01,-8.067788036588396494e+00,-1.600861704685166131e+01,-2.075036555412003381e+01,-1.434588720456604172e+01,-4.704808905623592885e+00,-1.308904664088073133e+01,-5.122286779814175794e+00,-2.766771595645301574e+01,5.602825929127491777e-01,-1.139215924629148269e+01,-1.710039850591473964e+01,-1.498833377203702355e+01,-2.783562868710135163e+01,-7.497959280661088854e+00,-2.602896709992383872e-01,-2.643329142514564012e+01,-3.770439887290409908e-01,-2.221506835561847382e+01,-6.969662690413890083e+00,-5.976830187390222981e+00,-1.288084659395619980e+01,-7.735085208856871120e+00,-3.415852287721605762e-01,-1.248352365596907987e+01,-1.527417651777281726e+01,-2.388894156187495810e+01,-1.055655480750619901e+01,-7.140178179992810570e+00,-1.154873362736301701e+01,-4.072969177621446057e+00
-1.821475211261964944e+01,-4.635578480473474539e-01,-5.486861568228855290e+00,-1.276150975387036191e+01,-1.528686941676938638e+01,1.749322447952141424e+00,-1.003236867285629152e+01,-1.913601962327181738e+01,-2.663483997152513716e+00,-1.356710625860379693e+01,-1.170915502274794306e+01,-1.701089132614393318e+00,-3.087996253357037446e+01,-3.875248041925038933e+01,-1.907491301130699668e+01,-2.480363682338562192e+00,-7.393881094749694682e+00,-6.682762900316288057e-01,-1.713539523977907919e+01,-8.638556999121149715e+00,-1.160295579432443436e+00,-4.642809479789390181e+00,-1.259462180895176431e+01,-2.799835745959628142e+00,-4.581227388403289247e+00,-7.896011626982508247e+00,-1.023247517853094735e+01,-2.234795821843897556e+01,-1.170124296050472168e+01,-7.440880047594397695e+00,-9.892345681731596230e+00
-6.458290063466750830e+00,-1.889558606098261095e-01,-2.779891510298191815e+00,-1.690205596129226384e+00,-1.276671349668066169e+00,-7.504916713463993361e+00,-1.095139738370302140e+01,-6.390656590137643533e+00,-7.491842367511596379e+00,-1.931618570812678470e+01,-7.913132118783792190e-01,-9.454361296075701304e+00,-1.503519278773931589e+01,-1.484059960293950908e+01,-2.444184099799776888e+01,-1.492259824358760056e+01,-3.226053496286385602e+00,-2.674011077594195207e+00,-2.213002693651945663e+01,-7.657063275895060528e+00,-1.546641962234211753e+01,-8.619241099730460931e+00,-8.004216947815759653e+00,1.839380107143426590e+00,4.908895336952243671e-01,-9.446926922474272459e+00,-2.400030141267832207e+01,-2.753247919286749834e+01,-7.357017947181503814e+00,-1.425428387310140721e+01,-7.239969516117499282e+00
-1.594080174614558310e+00,-1.351187045374420581e+00,-1.462419371321124828e+01,-6.559656916738516585e+00,-1.432810540526301324e+01,-1.098128936044262005e+01,-1.092503034721286070e+01,8.255746591774265619e-01,-1.717998578341050830e+01,-6.642945574143517717e+00,-3.401799878134421640e+00,-1.637473954675921828e+00,-3.000299502239833771e+01,-4.990689612563839361e+00,-1.434840871978524390e+01,-4.086317711600186087e+00,-6.948105550829030364e+00,-1.434851304616334389e+01,-1.179320436312267084e+01,-4.563190457121997667e+00,-1.050908041384814595e+01,-2.009802486329015814e+00,-6.046940952106853118e+00,-5.144370482758188423e+00,-2.542943533604150375e+00,-1.495444221291162279e+01,-2.592941444188565114e+01,-1.378558482614975844e+01,-7.091483220547377897e+00,-3.009000629432460050e-01,-5.665003047265288139e+00
-3.091041578371656939e+00,-1.464921149563830127e+01,-2.060792122012515826e+00,-2.722571436053981131e+01,-2.129092604836497671e+01,-1.910851639193570151e+01,-4.278981710890775503e+00,-1.414999522207900817e+01,-1.096339840335590310e+01,-1.337615033658666519e+00,-3.942124061862991802e+00,-1.030736351159302622e+01,-1.840704328201196782e+00,-9.458771317340898932e+00,-6.037027961280204025e+00,-1.520114077008492259e+01,-1.652129442934706205e+01,-7.354508813353134222e+00,-6.533444612572126609e+00,-4.197758537189399064e+00,-1.207457138572350530e+01,-1.051831960944963740e+01,-9.500054093246927067e+00,3.356284680233904139e-01,-1.645044166248831985e+01,-1.557201739499001647e+01,-1.863727562577732044e+01,-5.918257483266662788e+00,3.954022908120549684e-01,-7.933520770763683672e+00,-1.959997124530490353e+01
-5.283768415885530700e+00,-7.390903220819536656e+00,2.602104133863557545e-01,-1.733632267262299820e+01,-2.390618730331065933e+01,-5.357619924290146329e+00,-8.741507688652587760e+00,-1.828065019008221981e+01,-3.495663762196653757e+00,-1.315367319090372789e+01,-3.514211812708271054e+01,-1.536483720020024180e+01,-9.324894834580424785e+00,-7.400240571054110816e+00,-6.727704971362909347e+00,-2.692098648876723566e+00,-2.138931026242392619e+00,-1.567603813590709994e+00,-9.158542561135972093e+00,-7.281043962768695366e+00,-2.660303861535588954e+00,-8.859663262910451920e+00,-2.756535855178765981e+00,-9.610675700957239664e-01,-1.716242165656744945e+01,-8.788756956752397542e+00,-1.315671503978861878e+01,-1.122818177301721931e+01,-2.050670849960520403e+00,-4.831687369666298970e+00,-8.275664588808741229e+00
-1.132614775808829144e+01,3.943071784958982473e-01,-2.860579030539531331e+00,-3.521109275102212166e+00,-1.130024115001198126e+01,-4.116765243406202757e+00,-6.150297768738488102e+00,-2.518528355648555461e+01,-5.099422904856062644e+00,-1.110675710269067018e+01,-1.539669787492201181e+01,-1.664439505757742666e+01,-1.131480082076813609e+01,-5.295437310378325435e+00,-7.101070696377862035e+00,-6.166877694142071320e+00,-6.560399234167990201e+00,-1.844226843144352479e+00,-4.546382156856990875e+00,-4.936778282725077460e+00,-6.043110731169959671e+00,-2.061784624257763987e+00,-6.662767178353780295e+00,-1.150644591375910863e+01,-1.572854805957432234e+01,-1.572666817103339376e+01,-1.222254082106332618e+01,-1.401539723057137143e+00,-6.379701815364471340e-01,-1.155374927670233021e+01,-3.052427811427440130e+00
-1.511037291639177838e+01,-4.967852886816153668e-01,-1.329192263337227509e+00,-4.418052160821407170e+00,-5.012037671743801326e+00,-6.157439957718761292e+00,-1.698289534360774411e+01,-3.064416697949920376e+01,-6.537004984187451129e+00,-1.416974676909716990e+01,-1.075027951016788208e+01,-2.776880585473291418e+00,-9.382474749377223588e+00,-1.195937167468931150e+01,-9.053229949042686187e+00,-4.658701213226232873e-01,-6.642582590319303648e+00,-4.511715763996449802e+00,-1.465201186384611276e+00,-1.713902061395992149e+01,-1.407413696388464786e+01,-5.773221707531808633e+00,-6.272848341635194558e+00,-4.089696464060138759e+00,-2.991354721029625097e+01,-9.223757784475136390e+00,-3.884532063182163597e+01,4.899173714068267294e-01,-1.100760047973210121e+01,-6.621472258810653599e+00,-2.501555932967031826e+00
-1.878766937601966802e+01,-7.727938387268267206e+00,-6.619792158438688734e-01,-1.518524952822931340e+01,-5.006681309767959220e+00,-8.974891431959001409e+00,-1.780173611914271348e+01,-2.692387175885171402e+01,-1.952796737895896584e+01,-3.523542487174379900e+00,-1.856118332568746609e+01,-2.060575683360419852e+00,-5.364092919426044048e+00,-7.563961115217586517e+00,-4.741546022833921903e+00,-1.550014450742204009e+00,-3.920205276687652507e+00,-1.220602502342968743e+00,-1.334814837209959570e+01,-1.842476418402100435e+01,-1.982752623475642650e+01,-1.317224362164397089e+00,-1.435455888495714305e+01,-5.019843459361876370e+00,-1.594904530867362880e+01,-1.091398282583603674e+01,-1.119445205447222413e+01,-3.537428082815492481e+00,-4.759758621701446479e+00,-1.171311695980178147e+00,-3.720096586593558019e+00
-2.901407981591605623e+00,-1.796537849318934477e+01,-1.834386557796665329e+01,-1.855664854024603727e+01,-4.343159665710696338e+00,-9.469262995286555906e+00,-1.893983185879251607e+01,-2.699443204757309189e+01,-2.008627882551757438e+01,-6.478358736278375218e+00,-1.125713356396510534e+01,-8.190558563005120973e+00,-5.636086031128305862e+00,-8.569111270184922802e+00,-1.819526910774826689e+01,-6.621910560268170265e+00,-9.958498067207164794e+00,-6.395874763575517541e+00,-2.115141519872227605e+01,-1.825059352554775671e+01,-8.385969786063782294e+00,-2.560689799603552252e+00,-8.896692765120327806e+00,-1.153370377299257221e+01,-3.985995119807497655e+00,-1.134629495472605853e+01,-1.399917786166834688e+01,-1.212178037757370319e+01,-4.282502946704540570e+00,-4.799858615586725996e+00,-8.919119745787424947e+00
-6.281288089482500503e+00,-1.156871799754712704e+01,-1.567098623287889225e+01,-2.125855104271903429e+01,-2.446680419972107501e+00,-4.512578276193534244e+00,-2.536645450994825524e+01,-6.963446436519267202e+00,-1.317618360340155093e+01,-1.120300283894418314e+01,-2.315722907396327468e+00,-1.135574022367230818e+01,-1.222417056359038856e+00,-8.761933627847028561e+00,-3.251372287923790072e+00,-8.167407950383745785e+00,-1.724928424367299229e+01,-2.969503275561661582e+01,-1.210481404525124027e+01,-1.120818126671978732e+01,-7.675339178007332563e+00,-8.061572556187478256e+00,-1.693387985506096172e+01,-2.316814386200797937e+00,-1.523309911382744453e+01,-9.738805276413563305e+00,-9.297634983315569812e+00,-1.986455139656106983e+00,-5.342036391529283890e+00,-1.570374071348386735e+01,-1.659430117858691034e+01
-1.949364146733677927e+01,-2.201659461086505232e+01,-8.389017416695001117e+00,2.471502765305879090e-01,-2.102293138802245220e+00,-3.867818813215017748e+00,-6.434674890582822826e+00,-3.839305067905471880e+00,-4.165454971296554731e+00,-1.171807568016938106e+01,-1.322049307431159093e+01,-1.666334008220371032e+01,-1.447153348625394464e+01,-3.688045031552742881e+00,-3.785991235685939760e+00,-1.266941937716378774e+01,-5.418083871141835317e+00,-7.690392408321258699e+00,-1.131770350025829153e+01,-8.486046068526421626e-01,-5.076347727535228671e+00,-4.177468407720307475e+00,-9.011043816057396683e+00,-1.373082329629803588e+01,-8.311068906212655705e+00,-8.664633967774468815e+00,-1.329158055953805651e+01,-4.820362954822729473e-01,-1.588686911719087114e+01,-9.172915744282153838e+00,-1.073337076876193308e+01
-1.848660430247135622e+01,-3.256177404475274528e+01,-4.018020244087268100e-01,-8.482248727422222245e+00,-1.167478655400110199e+01,-5.734087060777365075e+00,-7.802204296566419117e+00,-4.471450220956592503e+00,-4.586285682134320751e+00,-2.143583962720573943e+00,-2.393131306860283658e+01,-1.556162696452842376e+01,-1.191215449864771792e+01,-4.392721416291998970e+00,-7.622510181640684834e+00,-2.175745270713638746e+01,-3.698584153336911484e+00,-2.068965882139784718e+00,-1.211028458553242437e+01,-7.958388005779534424e+00,-4.456151850275233528e+00,-6.632894455382198018e+00,-8.290323952226941628e+00,-1.122572531471302248e+01,-1.300661879890430361e+00,-1.536453234028983061e+01,-1.165656158734897474e+01,-2.546914872624622017e+00,-1.582639116722686623e+01,-6.401221852257313216e+00,-5.108825313552847192e+00
-1.992041480213431726e+01,-2.302434048580256487e+01,-2.217826347490818417e+00,-3.228831159335545919e+01,-1.609436554683504639e+01,-1.184669132757625221e+01,-1.835734970855954629e+01,-5.501676401570611219e+00,-7.044367229280706688e+00,-1.056969434724320855e+01,-3.163902965288577818e+01,-8.290977608026421919e+00,-1.089319117695589867e+00,1.720405022145519158e+00,-9.958635988538292239e+00,-1.768187337611228926e+01,-1.715051418250969562e+01,-1.006689447014782957e+01,-1.727137828384405083e+01,-8.792386661977172224e+00,-1.569733428182751922e+01,-3.092735833337806994e+00,-8.881556858449670244e+00,-1.053606558678503546e+01,-3.713452258580175247e+00,-1.930989317323416898e+01,-1.504464095754096498e+01,1.495958218550420549e-01,-1.351851678354320896e+01,-7.755203545644896224e+00,-2.908317620535005865e+00
-4.629173523790650613e+00,-9.679642863476852099e+00,-8.008506960511997619e+00,-2.919591561827974147e+01,-5.977528321504710362e+00,-2.779546935886940240e+00,-7.149802307463273721e+00,-5.502931213841416813e+00,-1.221342686253441379e+01,-5.146607628247370059e+00,-1.627207517757745947e+01,-6.147211505795526776e+00,-2.368986263384886115e+01,-7.776741954632838016e+00,-1.748131429566335626e+01,-4.849676057001744311e+00,-1.259224716125324051e+01,-4.258990612095886696e+00,-4.079407244764680307e+00,-2.335551922486407861e+00,-1.437601653029069482e+01,-8.083895701405133138e+00,-2.547668121784499196e+00,-8.580940021629055892e+00,-1.531321729312119473e+01,-1.765506976166816955e+01,-7.306727853672216888e+00,-5.313273031472895092e+00,-6.222562422233780310e+00,-1.270609569768247349e+00,-6.856773065612276952e+00
-5.089234297468121504e+00,-1.071848123093198701e+01,-3.284964737757900100e+00,-1.199050662781737131e+01,-5.189389808230439272e+00,-1.134008842313320109e+01,-7.158366356721535873e+00,-6.411543580331015235e+00,-1.252032183776112007e+01,-4.616434377023019842e+00,-9.001367643051437994e+00,-1.113510113515170818e+00,-2.921593407160578248e+00,-1.935974186219133486e+01,-2.175503257035865445e+01,7.583019994321520130e-02,-1.021090830679288253e+01,-1.396397764777178985e+01,-4.593871658194115248e+00,-4.823821309306586258e+00,-5.047056759981012775e+00,-4.571018651465260874e+00,-1.673764393301107134e+01,-1.686684700047614527e+01,-3.986772892140542091e+00,-9.308099418104401224e+00,-2.660980726486036119e+01,-9.375304093229106073e+00,-4.087113315985776651e+00,-1.128278587560397561e+01,-1.192604439990523169e+01
-2.107012157101652861e+01,-2.839556633442283839e+01,-6.476242192585395685e+00,-5.856706934356855854e+00,-1.709338704172939927e-01,-7.052406552296260678e+00,-1.697762782189954933e+01,-2.190980810019345881e+01,-1.795439780885535086e+01,-1.933950178357419958e+01,-1.008920869400780695e+01,-6.787192002728545503e+00,-9.195919486741424009e+00,-1.410466201573747647e+01,-1.153950112508578840e+01,-6.790366249013116473e+00,-6.635757868800347126e+00,-1.322792688234951086e+01,-3.156784027072895293e-01,-3.873636147899224724e+00,-3.785811684151905165e+00,-9.986052514263692004e+00,-2.359803281193709168e+01,-3.199910375030416176e+01,-2.247497955501852385e+00,-7.335939775177625854e+00,-2.508677346026040311e+01,-1.451632749943504486e+01,-5.362977942998067959e+00,-8.511033643853947339e+00,-6.659913915099715531e+00
-2.479317715033958081e+01,-2.737787190160905482e+01,-1.257529271656558656e+01,-5.640186505007580564e+00,-7.277062462868862269e+00,-1.853387196883793209e+01,-1.427640140898522958e+01,-2.500404019938557809e+01,-2.662544240945397434e+01,-1.387894611547408985e+01,-1.898799083270564791e+00,-4.693885751399333728e+00,-2.098563413989214510e+01,-7.045823708206102154e+00,-2.719402166331381654e+00,-8.631294450620989878e+00,-1.279698921040029802e+01,-1.780648277083254882e+01,8.335250288096019977e-01,-1.151565420175148624e+01,-1.863612120817412432e+01,-1.871054897156260211e+01,-1.282437710542700771e+01,-7.203467391896992922e+00,-3.696949762759851321e+00,-1.017719911114706655e+01,-2.482856462515548657e+01,-3.200601274058824686e+01,-1.071619989106661919e+01,4.182345507520994765e-01,-1.098200515438508162e+01
-2.490667329229377458e+01,-7.154449686867867086e+00,-2.465109314507616833e+00,-1.717351226135726350e+01,-2.079095777602759298e+01,-5.660747550472979839e+00,-5.920922763027021141e+00,-1.354192395016713846e+01,-1.344421801036978614e+01,-1.135914337072005154e+01,-6.293783299449886570e+00,-2.057426413958870270e+01,-2.651649447775193380e+01,-6.004684020865424188e+00,1.057041472580792174e+00,-1.645429974837438536e+01,-2.325778234259645672e+01,-2.091075724574859152e+01,-3.041362532763247639e+00,-2.047376965888325273e+01,-3.233937816125659737e+01,-2.357326811597569716e+01,-9.002764615370127288e+00,-3.988767474338491326e+00,-8.652550230641903539e+00,-2.298787419960175882e+01,-1.931917085573119408e+01,-1.536822705841010972e+01,-1.798915177164196777e+01,-8.080856473774275628e+00,-4.053483170975554550e+00
-2.514144669542658050e+01,-2.832544497944203821e-01,-6.749343093278614703e+00,-2.853396037118652373e+01,-2.329812210385229321e+01,-6.539038287035307206e+00,-8.321317351829515374e+00,-4.063616426435352480e+00,-1.072435620061241934e+01,-1.558301736587918107e+01,-9.925113123787833169e-01,-1.603485772701143119e+00,-6.826091438676092693e+00,-4.399950986308618361e+00,1.116909930053219813e-01,-1.480204550739628466e+01,-1.023787985028391390e+01,-1.490212739803035369e+01,-2.293303044360203558e+01,-8.588725587927253713e+00,-8.393185244944801227e+00,-3.006113759086717607e+01,-9.117717994040832608e+00,-1.084201987669793965e+01,-1.833054797361115007e+01,-1.882657702966123736e+01,-1.847267915189009813e+01,-1.847208726912679566e+01,-2.975500737504852999e+00,-1.180941935865853232e+01,-2.443838415153583465e+00
-2.462593349098855100e+01,-1.818442924487845280e+00,-4.306386990614626598e+00,-2.696611789275297966e+01,-2.671860038154551376e+01,-1.562377648680459252e+01,-1.266855546302683599e+01,-1.209403247063997533e+01,-5.886773926320829631e+00,-2.815078077751947294e+00,1.567949425465873792e-01,-4.038552965122589100e+00,-5.285088535289759193e+00,-9.742420938149777498e+00,-9.180805727871168997e+00,-1.969235886607607000e+01,-1.962899642580875792e+00,-2.251982539281870643e+01,-1.623139068849321021e+01,-1.014168912139577117e+01,-6.438025367152371281e+00,-1.297779786417381409e+01,-1.403836198825426251e+01,-1.213643499113414492e+01,-1.559182091568442452e+01,-2.112483872426550846e+01,-1.687032739335384690e+01,-2.904263553093248795e+00,-1.094835959494070465e+01,-1.659195400051453362e+01,-8.178564616079476934e+00
-2.837175664614939308e+01,-1.174250401388464260e+00,-2.730593118130326236e+00,-2.118717415040192620e+01,-2.261057059656762647e+01,-4.377203708345364319e+00,-3.348119358579730864e+00,-1.314365007020049170e+01,-7.015103339203994537e+00,6.825882707764261426e-01,-4.480792747419252819e+00,-2.122007533257790257e+01,-1.362473672690146032e+01,-6.091274638303969979e+00,-5.368986895145124727e+00,-2.405106278022633859e+01,-2.793640875502571674e+00,-8.847279262662608446e+00,-1.109604615492416890e+01,3.660340362443129658e-01,-6.744338896167682229e+00,-1.478901041970472896e+01,-1.639477466981163811e+00,-9.215672677990388806e+00,-3.793316280327500678e+00,-3.080328738689507517e+01,-1.692162006805273222e+01,-1.852054171320750697e+01,-1.610133761190443025e+01,-2.678010532015180800e+01,-1.282160795289615152e+01
-9.388482022833889218e+00,-2.020131057526724305e+01,-1.453146367644941250e+01,-1.635175076016955487e+01,-1.160768039803826923e+01,-1.114148790421428004e+01,-2.387088267316681822e+01,-1.558202750969810424e+00,-3.019034896762307518e+00,-2.555882993211802656e+01,-4.257348081528645523e+00,-1.250057399240265532e+01,-1.595161355463483588e+01,-3.950602759091923488e+00,-9.642761847934824715e+00,-2.404372455976901080e+01,-8.723944794137381109e+00,-3.681506093925608791e+00,-2.298654025817448954e+01,-7.014788462936594193e+00,-6.928808775365436823e+00,-1.279523935848604665e+01,-2.879001465037298590e+00,-2.210684398898567693e+01,-2.905340158480216317e+00,-2.727532201796609357e+01,-3.697176552223815804e+01,-8.390461025271648055e+00,-8.598767628836080590e+00,-7.330299920047762541e+00,-2.524078592993559411e+01
-2.425024207107972174e+00,-1.029698064285308234e+01,-2.075642029340839656e+01,-1.019348820583479753e+00,-2.934851394600134888e+00,-8.307782285755966001e+00,-2.684144005688304802e+00,-2.902983142255526339e+00,-1.865973773443770511e+01,-1.362048862267138816e+01,-3.394751746249883961e+00,-1.190879391713834323e+01,-1.896371313504725986e+00,-5.751645439578360275e+00,-2.778700608626133217e+01,-2.228279170487992644e+01,-2.160012598000737327e+01,-8.724181378751909577e+00,-9.214581754505310474e-02,-4.123629183811480914e+00,-1.321838618547515054e+01,-8.581367242148465024e+00,-5.416021260086370859e+00,-3.624228488502702561e+01,-1.193152427793081394e+01,-1.558644314163514366e+01,-8.044435311185280213e+00,-4.124704729130212577e+00,-9.889807897136954296e+00,-4.380413225366931229e+00,-3.199175240955381128e+01
-7.040647015352302418e+00,-1.114232594082311856e+01,-2.538397203401434865e+01,-2.018000115069741973e+00,-5.376243236024208727e+00,-1.684232439239421730e-01,-5.642853849084672468e+00,-2.161987258850983640e+00,-1.417703482573526941e+01,-2.391938852873340693e+01,6.087982684702334391e-01,-1.412873676030572412e+01,-9.849209681041596554e+00,-1.780771323712249554e+01,-2.851270063080022155e+01,-2.949025525786717949e+01,-1.135600303936088906e+01,-2.610126541695591662e+00,-1.840073627823169389e+01,-1.039982160538292355e+01,-1.040001819006801931e+01,-1.383965826406022170e+00,-1.805628542135291426e+01,-2.909209681596342278e+01,-2.650498516218203449e+01,-9.263765975142138842e+00,-1.328609127445188776e+01,-1.739883938917713735e+01,-2.302808137910994901e+01,-1.315773148027512462e+01,-1.969937810152230639e+01
-1.692737254450285178e+01,-3.238282115640538805e+00,-1.080535423578622201e+01,-8.653585707286817197e+00,-2.204230767044192518e+01,-1.215283487490824044e+01,-4.698098540421347558e+00,-8.580204637804866863e+00,-1.315519084207705625e+01,-2.081821685043608738e+01,1.599848583843718419e+00,-1.790330166184378413e+01,-3.570023826168301895e+01,-2.215989157976412471e+01,-1.160690147003290207e+01,-1.180124713132665448e+01,-5.048181591794621781e+00,-4.586511516531391663e+00,3.205120300243080034e-01,-3.670579481449448345e+00,-1.151812476261008733e+01,8.168586438961933371e-01,-9.494860773065305182e+00,-2.209019258000260422e+01,-1.696147842966034958e+01,-1.264793261722666173e+01,-1.198892836007640383e+01,-9.403876345718495955e+00,-1.388234375828128542e+01,-7.154979933791891789e+00,-8.822400946461160132e+00
-2.792326193531716072e+01,-2.291297186013571352e+00,-1.536210631093222645e+01,-2.701512409066111076e+01,-2.288963906812597671e+01,-8.021536879948239829e+00,-3.082913243153863192e+01,-1.307087388279704676e+01,-2.820521447797352010e+01,-3.057370760145738586e+01,-2.442952124227217414e+00,-2.301089682876426679e+01,-3.613940756545964206e+01,-7.544968289404976325e+00,-5.064910357436551713e+00,-4.795014803662704495e+00,-4.760538292887154910e+00,-1.544402117336488445e+01,-3.650109262104830332e+00,-3.107573855320921563e+00,-1.240055092836322714e+01,-5.292666863532538457e+00,-1.127699053372268523e+01,-4.590634856686267362e+00,-1.180107842229596038e+01,-8.271615285631963133e+00,-1.956881613708152301e+01,-4.210750094665536736e+00,-1.745440371158107951e+01,1.127711790831437272e-01,-5.154561055741872622e+00
-1.772936723657533875e+01,-1.275333453840882569e+01,-1.617667561891675376e+01,-3.447076820524406315e+01,-3.085173680046093025e+01,-2.888485831933893078e+00,-1.141607716057361088e+01,-2.016101264532948534e+01,-2.578128917261453878e+01,-1.966849930348723774e+01,-7.095433692605634945e+00,-1.658016339477937251e+01,-2.954512823390303566e+01,-6.643820508366848898e+00,-4.258838860560204331e+00,-6.318522086000869287e+00,-2.806763625998135225e+00,-8.236595641993131878e+00,-3.133170185610572034e+00,-6.875696762720824751e+00,-1.225900878529597726e+00,-4.592764059123534359e+00,-8.110334089769381194e+00,-5.290129834374900142e+00,-9.717343938487307042e+00,-6.724574490758852718e+00,-1.499071884266682808e+01,-1.782868157894899497e+01,-1.043544420848498078e+01,-1.933258557030815838e+00,-7.410935096793166643e+00
-2.497854980192844465e+01,-1.838262992201383739e+01,-1.464266566450873697e+01,-1.963477101272417258e+01,-3.044539585979565288e+01,-9.197204643647338695e-01,-1.079109504276589071e+01,-2.888418025510614484e+01,-8.142731664956059490e+00,-1.994128855978733839e+01,-8.159823224378770501e-01,-2.114065433166148722e+01,-2.855847076951286567e+01,-1.538042915454791171e+01,-5.999277929403355358e+00,-9.010460380800465074e+00,-3.632603528536457738e-01,-1.851172750029019909e+01,1.039884457972483522e+00,-3.258813530299411898e+00,-1.953128615910625143e+00,-7.769422760219302226e+00,-5.458614677871670651e+00,-6.080966689333616948e+00,-2.114428051688188148e+01,-9.563427777230254279e+00,-2.348643106999963948e+01,-1.490216928511657812e+01,-4.464112076949739993e+00,-2.843165256782817174e+00,-6.589428038141631916e+00
-2.497375540364845747e+01,-2.873045362366227984e+00,-1.455205794593711310e+01,-4.932534052369324407e+00,-2.139687578105997545e+01,-9.260674256751983080e+00,-1.228610159315856265e+01,-2.540620585005473231e+01,-3.100680805656663264e+00,-1.174466605112571393e+01,-4.271624862102478826e-01,-2.182981320886370469e+01,-2.825623501148608341e+01,-7.411588850661813055e+00,1.296974009156723617e-01,-1.775318852961774496e+00,-5.014167900792361188e+00,-1.026508281337388873e+01,-9.663907413459266849e+00,-1.296530349244639879e+01,-1.628465283714816536e+01,-4.535443928892457066e+00,-6.441186697993859234e+00,-4.749323489941690291e+00,-3.871992365283231763e+00,-2.133658638048617107e+01,-1.585758033588406057e+01,-8.864266392385529159e+00,-9.391470775703774976e+00,-6.913560823015764356e+00,-7.162004474168703894e+00
-1.997863916937718898e+01,2.372150691344819151e+00,-1.197230926129147122e+01,-4.131085269566164619e+00,-4.118805956529052281e+01,-2.091048477662049976e+01,-2.014261534674947995e+01,-2.728757680557872334e+01,-2.281725205519284572e+01,-1.258207674831972867e+01,-4.523946717133275897e-01,-1.961203179035999611e+01,-1.037101726172474869e+01,-3.882307168586401680e+00,-8.479216923593625665e+00,-6.938592933780923566e+00,-6.818166273591305782e+00,-3.745465939410915546e+00,-2.116021419291237038e+01,-2.111932952191317625e+01,-2.163284674170646582e+01,-9.982964398589118105e+00,-9.601502002821090898e+00,-1.476057269821398243e+01,-1.099586741036850412e+01,-2.352936793037812890e+01,-2.235024173882699827e+01,-7.793154186466136224e+00,-5.998656261026338754e+00,-1.424852048173642238e+01,-1.512349624522124358e+01
-4.371348269468752434e+00,-1.077942397302080080e+00,-1.441623881635149207e+00,-6.446713899790379898e+00,-1.885764812827533632e+01,-6.385998834589975637e+00,-4.814451729939325020e+00,-1.558573553751488383e+01,-7.845591108504156530e+00,-9.843660110311992284e+00,-1.607560463253782856e+01,-2.793142916513918106e+00,-5.160024054019674011e+00,-5.374252258724377285e+00,-3.927879073416564726e+00,-1.341353170256579830e+01,-2.076508552691008447e+01,-7.190525828676613607e+00,-1.938859379760557289e+01,-2.043494973362673406e+01,-1.681723069436837648e+01,-9.962096703918852825e+00,-9.788065859446845707e+00,-1.450566345562531723e+01,-1.455285814825832347e+01,-2.561733681099028814e+01,-1.159359393345946465e+01,-1.047431997315156060e+01,-2.944656063256301692e+00,-3.006013834368144444e+01,-2.826447260657037930e+01
-4.635953296650910715e+00,-8.389982211819726032e+00,-2.225851823661482243e+01,-4.997254858809197842e+00,-6.015325305242492426e+00,-5.904974099032336277e+00,-4.270629902127494049e+00,-6.967448955038602953e+00,-4.524322278645565909e+00,-1.357197514962450224e+00,-1.645179835303805049e+01,-6.297310626701885461e+00,-3.649794783313473179e+00,-9.540469402802964183e+00,-3.785612345294460557e+00,-1.375077820524088068e+01,-1.483164991116138509e+01,-5.275151847359546231e+00,-1.575518635577957305e+01,-1.419602625458735190e+01,-2.000079173229377005e+01,-2.990165056051294101e+01,-7.753103411045795035e+00,-9.616544299660837680e+00,-7.906370930210377068e+00,-1.679871103300037305e+01,-9.704915656465725959e+00,-4.235618884622959435e+00,-2.204805194753442610e+00,-2.834846372167982409e+01,-2.558495084670488495e+01
-1.561085509711965003e+01,-1.787242556385287884e+01,-1.774144279464189822e+01,-1.509320666277994150e+01,-4.584594565591054049e+00,-8.241977667046974432e+00,-8.770802612152055033e+00,-4.248812185892777982e-01,-5.578798069600050979e+00,-6.101059991982575426e+00,-1.820207889167901527e+01,-1.606756305483112968e+01,-1.799094888349491494e+00,-2.359979479712842831e+00,-1.057125342316713734e+01,-1.478753065606565720e+01,-3.223733200093856510e+01,-3.093872281715257522e+00,-1.005062331889441829e+01,-1.827108220749065381e+01,-9.848463634622795837e+00,-2.650856447440300556e+01,-6.385295417347980340e+00,-9.135129971407465632e+00,-7.888879311864769761e+00,-1.711135619493102311e+01,-1.024063824274832513e+01,-1.010296846038223606e+01,-7.110035643288150631e+00,-3.596037125422060399e+01,-2.816810366644869745e+01
-2.112941525198436565e+01,-3.726718867224393250e+01,-2.270180504209172057e+01,-2.517628014206670883e+01,-6.805473206844737888e+00,-5.613141917946322224e+00,-8.943769106267932756e+00,-7.992149590767006373e+00,-1.451062714993171188e+00,-8.611712744423877908e+00,-1.665012685692212457e+01,-1.805452851507022283e+00,-3.319483960558439861e+00,-3.555241015649830416e+00,-2.823759737469541165e+01,-2.820993332693969435e+01,-2.120613079085233466e+01,-1.868988971712143510e+01,-1.462210893094521902e+00,-1.028821239552260458e+01,-3.333319477053716895e+00,-2.573965434820021869e+01,-3.254096572263077292e+01,-1.867044893436139574e+01,-2.619233263780435195e+01,-1.978892218080559573e+01,-1.688262477909125536e+01,-2.393388986867916657e+01,-2.000921130173270868e+01,-2.235558027858528973e+01,-2.491748251176424134e+01
-2.211792027975181796e+01,-3.214079665972726474e+01,-2.214758941488922517e+01,-3.415293503595782454e+01,-1.219283980148841273e+01,-1.015903535423286641e+01,-4.603933484103422558e+01,-1.220092457194994395e+01,-1.806170341530906853e+01,-1.363356995569760421e+01,-1.692456687654514624e+01,-7.585894860238125759e+00,-1.934868863534756045e+01,-1.210386634639597325e+01,-2.522145638612902729e+01,-2.549142471423894563e+01,-2.027564031410267731e+01,-1.521308961006309346e+01,-1.074445747979148180e+01,-1.860930305531237039e+01,-1.017816644782939939e+01,-2.075206699410471600e+01,-2.978753737245341782e+01,-2.369088887586595860e+01,-2.664870616134656700e+01,-2.849349293206117295e+01,-2.397090755210818358e+01,-3.480682339960927862e+01,-2.407737490294780969e+01,-3.029436084692100906e+01,-2.935308026430537254e+01
-2.195465595199918596e+01,-2.655107617384337004e+01,-2.335242598145883974e+01,-4.375816381988349235e+01,-2.284600087450142070e+01,-2.602167446236468251e+01,-3.387038476663396125e+01,-2.286886522735216332e+01,-2.310399795555560942e+01,-2.334050534543466426e+01,-1.618661091640920802e+01,-1.648242920621349228e+01,-1.740571550649506349e+01,-2.112450181988751297e+01,-1.707895408349304844e+01,-2.563979993830692905e+01,-2.986644317461434639e+01,-2.675909414254872942e+01,-1.986764999351096606e+01,-3.155784004798168496e+01,-2.228325431483881758e+01,-2.681475765523444466e+01,-1.832470662399586914e+01,-1.858613557757026413e+01,-2.445247315044477432e+01,-2.151938772555637769e+01,-2.421716953223243962e+01,-2.219193325569529662e+01,-2.076537103698385778e+01,-2.909542687806455064e+01,-4.133589704733238790e+01
