"Graea Hypue FM-U d3-53",-934.03125,-596.4375,13373.34375
"Graea Hypue ZL-R c6-63",-891.0625,-498.4375,13301.46875
"Graea Hypue OL-V b19-0",-852.46875,-622.46875,13440.78125
"Graea Hypue SP-L c9-23",-846.46875,-601.03125,13454.125
"Graea Hypue YP-W d2-44",-810.9375,-478.46875,13312.4375
"Graea Hypue JX-S d4-13",-779.875,-521.1875,13431.8125
"Graea Hypue HY-N c8-58",-870.5,-474.21875,13404.1875
"Graea Hypue OU-L c9-41",-909.125,-556.8125,13436.5
"Graea Hypue BW-U d3-143",-901.59375,-484.71875,13389.0625
"Graea Hypue UG-M b11-12",-854.34375,-523.34375,13268.5625
"Graea Hypue VK-L c9-38",-809.0625,-631.3125,13428.15625
"Graea Hypue JS-S d4-174",-880.8125,-616.28125,13437.59375
"Graea Hypue NG-C b17-15",-843.1875,-463.96875,13393.375
"Graea Hypue BO-H b14-5",-840.625,-462.78125,13333.75
"Graea Hypue CW-U d3-26",-818.375,-461.46875,13356
"Graea Hypue HY-N c8-54",-901.375,-481.28125,13382.65625
"Graea Hypue QZ-L c9-37",-761.40625,-536.3125,13421.84375
"Graea Hypue DR-S c5-9",-821.65625,-621.46875,13280.96875
"Graea Hypue CG-W d2-119",-842.09375,-598.6875,13266.125
"Graea Hypue JO-J b12-2",-832.53125,-619.6875,13277.5625
"Graea Hypue RC-A b18-10",-907.59375,-503.125,13414.28125
"Graea Hypue DZ-Y b17-9",-912.5,-622.15625,13403.4375
"Graea Hypue XP-W d2-290",-900.6875,-502.15625,13302.375
"Graea Hypue YP-W d2-151",-814.375,-465.90625,13332.09375
"Graea Hypue IV-V b19-6",-903.5625,-581.125,13442.0625
"Graea Hypue FM-U d3-158",-928.75,-604,13396.5625
"Graea Hypue LG-U b20-14",-881.09375,-559.09375,13457.6875
"Graea Hypue IX-S d4-206",-803.4375,-517.65625,13449
"Graea Hypue JS-S d4-156",-880.34375,-639.59375,13417.96875
"Graea Hypue JY-N c8-67",-824.84375,-466.0625,13402.03125
"Graea Hypue DW-U d3-189",-763.21875,-494.53125,13339.84375
"Graea Hypue IX-S d4-67",-858.78125,-529.71875,13459.9375
"Graea Hypue CG-W d2-21",-823.625,-627.34375,13282.5
"Graea Hypue NZ-L c9-35",-871.4375,-523,13454.375
"Graea Hypue IT-N c8-59",-938.1875,-526.875,13378.875
"Graea Hypue MJ-N c8-44",-935.5,-592.53125,13395.03125
"Graea Hypue GM-U d3-61",-788.9375,-638.8125,13410.875
"Graea Hypue IX-S d4-193",-811.59375,-573.90625,13462.40625
"Graea Hypue ZK-W d2-181",-915.5625,-573.625,13288.40625
"Graea Hypue DJ-H b14-5",-840.4375,-465.6875,13316.625
"Graea Hypue YP-W d2-217",-808.03125,-474.0625,13311.625
"Graea Hypue YP-W d2-160",-827.96875,-474.71875,13301.625
"Graea Hypue TF-K c10-21",-797.09375,-535.28125,13455.25
"Graea Hypue FM-U d3-147",-900.15625,-642.4375,13396.0625
"Graea Hypue XN-Y b18-16",-834.6875,-479.15625,13430.15625
"Graea Hypue YP-W d2-89",-807.625,-482.5625,13297.09375
"Graea Hypue VA-K c10-30",-804.28125,-575.8125,13461.40625
"Graea Hypue CG-W d2-64",-800.375,-619.71875,13281.78125
"Graea Hypue CR-S c5-33",-848.25,-585.9375,13257.84375
"Graea Hypue LZ-G b14-2",-758.46875,-505.65625,13320.5625
"Graea Hypue KS-S d4-211",-856.875,-617.09375,13452.28125
"Graea Hypue TP-L c9-34",-790.40625,-605.34375,13446.125
"Graea Hypue OT-O c7-7",-826.65625,-667.53125,13350.375
"Graea Hypue SK-G b14-4",-739.375,-583.90625,13331.59375
"Graea Hypue PO-N c8-12",-740.6875,-551.71875,13402.0625
"Graea Hypue KS-S d4-39",-856.34375,-611.4375,13456.40625
"Graea Hypue FM-U d3-6",-905.1875,-646.25,13343.96875
"Graea Hypue GS-P c7-29",-754.53125,-495.9375,13353.15625
"Graea Hypue KS-S d4-183",-786.8125,-588.6875,13452.1875
"Graea Hypue TK-L c9-29",-875.25,-644.875,13422.34375
"Graea Hypue SM-A b18-7",-818.21875,-462.03125,13402.1875
"Graea Hypue IE-A b17-3",-846.53125,-666.1875,13391.75
"Graea Hypue CW-U d3-168",-817.9375,-456.03125,13384.28125
"Graea Hypue CG-W d2-151",-852.34375,-596.25,13258.28125
"Graea Hypue HM-U d3-176",-735.09375,-592.25,13347.78125
"Graea Hypue IX-S d4-83",-804.65625,-514.1875,13455.78125
"Graea Hypue HX-S d4-191",-934.40625,-561.21875,13421.625
"Graea Hypue HO-J b12-0",-879.6875,-620.875,13276.34375
"Graea Hypue DW-U d3-47",-764.40625,-485.28125,13391.21875
"Graea Hypue HM-U d3-170",-756.84375,-630.53125,13387.59375
"Graea Hypue CG-W d2-88",-854.9375,-605.53125,13260.0625
"Graea Hypue DR-U d3-39",-942.59375,-519.875,13340.03125
"Graea Hypue KS-S d4-181",-845.90625,-626.25,13452.96875
"Graea Hypue DR-S c5-24",-818.28125,-605.65625,13261.28125
"Graea Hypue LE-M c9-63",-874.6875,-483.625,13435.78125
"Graea Hypue OU-L c9-60",-917.28125,-572.71875,13443.34375
"Graea Hypue VV-J c10-33",-874.9375,-606.3125,13458.96875
"Graea Hypue KS-S d4-28",-853.53125,-658.34375,13417
"Graea Hypue DW-U d3-227",-772.28125,-471.53125,13358.375
"Graea Hypue DR-U d3-80",-944.6875,-539.34375,13399.96875
"Graea Hypue TA-K c10-51",-887.1875,-557.84375,13465.25
"Graea Hypue OT-O c7-19",-850.5625,-673.90625,13352.03125
"Graea Hypue CG-W d2-39",-818.90625,-608.6875,13260.71875
"Graea Hypue CG-W d2-101",-854.71875,-626.03125,13268.84375
"Graea Hypue JX-S d4-106",-782.25,-515,13448.625
"Graea Hypue FM-U d3-41",-905.6875,-654.96875,13372.78125
"Graea Hypue XP-W d2-223",-876.15625,-471.4375,13299.15625
"Graea Hypue LS-S d4-178",-768.25,-591.46875,13446.15625
"Graea Hypue DW-U d3-15",-761.625,-481.3125,13387.71875
"Graea Hypue DW-U d3-38",-765.125,-475.3125,13377.65625
"Graea Hypue JX-S d4-22",-773.90625,-572.8125,13455.3125
"Graea Hypue GC-T d4-1",-852.65625,-469.28125,13430.8125
"Graea Hypue DW-U d3-150",-743.90625,-500.90625,13383.375
"Graea Hypue IH-U d3-76",-839.90625,-670.28125,13401.28125
"Graea Hypue CR-S c5-20",-838.71875,-622.3125,13263.15625
"Graea Hypue KS-S d4-22",-806.09375,-631.53125,13447.53125
"Graea Hypue WV-J c10-0",-864,-619.78125,13459.75
"Graea Hypue YP-W d2-115",-844.5625,-450,13325.75
"Graea Hypue LS-S d4-182",-774.46875,-618.40625,13439.5
"Graea Hypue OY-O c7-12",-760.84375,-646.8125,13368.4375
"Graea Hypue VV-J c10-28",-875.09375,-589.15625,13470.40625
"Graea Hypue JX-S d4-167",-780.09375,-518.90625,13453.09375
"Graea Hypue TA-K c10-52",-886.125,-556.78125,13470.25
"Graea Hypue HM-U d3-171",-758.46875,-642.9375,13381.90625
"Graea Hypue YP-W d2-302",-844.09375,-500.9375,13260.65625
"Graea Hypue NU-Y b17-3",-762.40625,-639.03125,13404.1875
"Graea Hypue AB-T c5-29",-780.4375,-544.9375,13260.9375
"Graea Hypue HM-U d3-104",-736.59375,-603.03125,13400.5625
"Graea Hypue IH-U d3-69",-822.09375,-670.5625,13404.46875
"Graea Hypue CG-W d2-100",-855,-630.59375,13266
"Graea Hypue XP-W d2-302",-872.90625,-499.5,13265
"Graea Hypue IX-S d4-66",-818.75,-564.1875,13479
"Graea Hypue VV-J c10-29",-875.5625,-595.21875,13470.65625
"Graea Hypue MJ-N c8-10",-938.15625,-615.09375,13405.09375
"Graea Hypue TA-K c10-11",-872.09375,-556.1875,13477.15625
"Graea Hypue DN-P c7-48",-957.40625,-535.03125,13371.53125
"Graea Hypue BG-W d2-115",-926.96875,-610.03125,13294.1875
"Graea Hypue SK-L c9-20",-907.21875,-628.90625,13435.375
"Graea Hypue HM-U d3-191",-774.25,-661.28125,13370
"Graea Hypue CR-U d3-265",-959.78125,-565.78125,13381.34375
"Graea Hypue WV-J c10-35",-852.1875,-624.71875,13463.96875
"Graea Hypue UW-T b20-7",-778.5,-587.8125,13462
"Graea Hypue CR-U d3-256",-958.8125,-554.15625,13336.875
"Graea Hypue KS-S d4-15",-799.28125,-654.46875,13428.125
"Graea Hypue OT-O c7-12",-830.75,-682.65625,13364.84375
"Graea Hypue HM-U d3-59",-768.375,-646.25,13411.125
"Graea Hypue KS-S d4-133",-863.8125,-664.59375,13422.96875
"Graea Hypue DW-U d3-33",-756.75,-472.75,13344.84375
"Graea Hypue KS-S d4-177",-820.03125,-626.34375,13464.25
"Graea Hypue DW-U d3-256",-740.15625,-489.6875,13364.84375
"Graea Hypue KE-A b17-8",-823.9375,-680.90625,13387.65625
"Graea Hypue IE-A b17-2",-861.0625,-681.9375,13380.6875
"Graea Hypue FM-U d3-31",-934.71875,-634.0625,13398.4375
"Graea Hypue YK-U c4-6",-863.1875,-596.15625,13244.3125
"Graea Hypue FM-U d3-152",-933.34375,-643.5625,13349.0625
"Graea Hypue FM-U d3-209",-913.65625,-661.34375,13345.03125
"Graea Hypue FM-U d3-151",-927.71875,-647.5,13387.625
"Graea Hypue CR-U d3-187",-964.125,-547.25,13343.25
"Graea Hypue UK-L c9-37",-845.96875,-651.65625,13448.96875
"Graea Hypue YP-W d2-166",-788.03125,-474.0625,13286.78125
"Graea Hypue CG-W d2-140",-811.34375,-653.84375,13280.9375
"Graea Hypue CG-W d2-191",-860.59375,-655.90625,13280.25
"Graea Hypue KS-S d4-203",-816.78125,-624.59375,13468.90625
"Graea Hypue FT-Z b17-8",-721.21875,-540.78125,13400.53125
"Graea Hypue MP-X b18-15",-731.125,-579.0625,13425.03125
"Graea Hypue HX-S d4-187",-926.53125,-520.21875,13447.0625
"Graea Hypue CG-W d2-97",-827.4375,-643.4375,13264.34375
"Graea Hypue IH-U d3-70",-819.78125,-677.15625,13413.375
"Graea Hypue JX-S d4-15",-759.8125,-571.75,13461.65625
"Graea Hypue TG-V b19-9",-788.65625,-642.1875,13448.71875
"Graea Hypue CG-W d2-94",-791.65625,-654.90625,13286.5
"Graea Hypue JX-S d4-235",-779.15625,-572.9375,13475.90625
"Graea Hypue LE-Z b17-2",-723.78125,-594.28125,13409.1875
"Graea Hypue GE-A b17-2",-889.1875,-680.96875,13382.5
"Graea Hypue GC-T d4-296",-853.75,-442.46875,13415.84375
"Graea Hypue TA-K c10-17",-900.6875,-557.34375,13478.40625
"Graea Hypue LS-S d4-188",-758.75,-633.6875,13434.4375
"Graea Hypue KS-S d4-146",-796.46875,-602.6875,13478.625
"Graea Hypue HM-U d3-187",-727.90625,-629.21875,13360.46875
"Graea Hypue KS-S d4-60",-815.90625,-594.03125,13487.15625
"Graea Hypue HM-U d3-120",-722.625,-615.96875,13338.40625
"Graea Hypue VB-V b19-4",-792.0625,-658.0625,13437.5625
"Graea Hypue WE-Y d1-140",-840.15625,-569.40625,13229.4375
"Graea Hypue LS-S d4-17",-776.3125,-625.9375,13458.875
"Graea Hypue IH-U d3-37",-855.96875,-693.875,13354.5
"Graea Hypue JX-S d4-129",-767.65625,-553.9375,13474.21875
"Graea Hypue DW-U d3-222",-739.8125,-474.09375,13379.6875
"Graea Hypue IH-U d3-134",-802.3125,-687.875,13385.4375
"Graea Hypue IH-U d3-2",-833.03125,-695.28125,13370.875
"Graea Hypue VB-V b19-2",-794.65625,-653.9375,13447.875
"Graea Hypue TU-L c9-14",-723.125,-581.59375,13425
"Graea Hypue FM-U d3-199",-935.28125,-648.375,13403.09375
"Graea Hypue CR-U d3-60",-974,-537.09375,13361.65625
"Graea Hypue HM-U d3-151",-728.25,-630.53125,13393.65625
"Graea Hypue CR-U d3-45",-976.15625,-551.65625,13356.125
"Graea Hypue LA-G b14-6",-959.125,-616.46875,13324
"Graea Hypue TU-L c9-9",-738.84375,-554.21875,13453.21875
"Graea Hypue MN-S d4-18",-802.5,-667.71875,13439.90625
"Graea Hypue LS-Q c6-33",-740.15625,-639.03125,13308.96875
"Graea Hypue EB-W d2-6",-817.28125,-682.25,13300.21875
"Graea Hypue DW-U d3-171",-760.59375,-450.5,13339.40625
"Graea Hypue AW-U d3-233",-946.46875,-472,13357.4375
"Graea Hypue SQ-V b19-5",-733.125,-599.4375,13440.71875
"Graea Hypue FD-O c8-14",-903.90625,-445.15625,13407.03125
"Graea Hypue MN-S d4-123",-803.71875,-683.375,13419.25
"Graea Hypue WU-U c4-32",-782.875,-529.84375,13237.46875
"Graea Hypue EG-X e1-5",-702.625,-536.25,13373.09375
"Graea Hypue WP-W d2-130",-951.15625,-495,13304.9375
"Graea Hypue DW-U d3-59",-732.90625,-470.28125,13360.9375
"Graea Hypue SZ-M c8-26",-835.96875,-701.21875,13377.28125
"Graea Hypue GR-U d3-236",-705,-527.28125,13341.15625
"Graea Hypue HM-U d3-127",-736.0625,-652.84375,13387.65625
"Graea Hypue CR-U d3-58",-974.625,-582.59375,13402.40625
"Graea Hypue PT-O c7-24",-808.75,-698.875,13351.59375
"Graea Hypue GA-F b15-14",-978.96875,-532.375,13350.34375
"Graea Hypue FX-P c7-10",-739.90625,-461.5625,13355
"Graea Hypue SC-B b17-10",-980.25,-565.34375,13389.21875
"Graea Hypue JX-S d4-240",-755.71875,-551.375,13476.15625
"Graea Hypue XE-Y d1-205",-776.34375,-506.84375,13246.28125
"Graea Hypue FM-U d3-198",-941.78125,-658.40625,13391.78125
"Graea Hypue BT-R b21-2",-796.78125,-638.6875,13475.21875
"Graea Hypue JX-S d4-131",-758.15625,-583.15625,13478.25
"Graea Hypue DW-U d3-119",-719.6875,-487.28125,13390.125
"Graea Hypue YZ-X d1-34",-845.0625,-652.09375,13249.46875
"Graea Hypue SK-K c10-49",-765.5,-483.25,13457.71875
"Graea Hypue LS-Q c6-8",-739.25,-655.625,13320.125
"Graea Hypue VE-Y d1-132",-885.4375,-569.125,13223.65625
"Graea Hypue HH-U d3-175",-900.59375,-690.21875,13394.65625
"Graea Hypue YZ-X d1-138",-830.21875,-606.34375,13223.3125
"Graea Hypue PY-O c7-7",-717.59375,-640.75,13365.125
"Graea Hypue DW-U d3-98",-739.28125,-465,13406.28125
"Graea Hypue AG-W d2-141",-959.3125,-633.21875,13314.1875
"Graea Hypue DW-U d3-10",-774.46875,-431.1875,13342.375
"Graea Hypue DW-U d3-286",-753.84375,-442.6875,13351.5
"Graea Hypue GR-U d3-223",-699.9375,-517.4375,13361.625
"Graea Hypue YZ-X d1-71",-829.9375,-622.71875,13228.03125
"Graea Hypue DW-U d3-147",-740.65625,-461.40625,13408.125
"Graea Hypue LS-S d4-134",-718.5,-603.84375,13435.09375
"Graea Hypue IM-U d3-70",-700.875,-606.46875,13338.875
"Graea Hypue GR-U d3-160",-692.65625,-551.25,13346.375
"Graea Hypue GC-T d4-278",-839.78125,-460.46875,13472.0625
"Graea Hypue IH-U d3-130",-847.4375,-707.34375,13392.75
"Graea Hypue YZ-X d1-35",-840.625,-641.5625,13235.53125
"Graea Hypue IH-U d3-99",-808.65625,-706.90625,13376.46875
"Graea Hypue XA-K c10-50",-735.6875,-580.8125,13467.1875
"Graea Hypue QZ-M c8-18",-935.15625,-668.625,13407.09375
"Graea Hypue MN-S d4-115",-792.53125,-685.59375,13430.59375
"Graea Hypue YG-D b16-7",-691.34375,-536.65625,13370.59375
"Graea Hypue IH-U d3-156",-790.65625,-699.53125,13399.1875
"Graea Hypue KS-S d4-226",-806.8125,-651.1875,13479.28125
"Graea Hypue HH-U d3-37",-885.625,-702.21875,13396.15625
"Graea Hypue JX-S d4-210",-749.3125,-578.625,13482.4375
"Graea Hypue ZH-T b20-4",-790.65625,-660.90625,13465.65625
"Graea Hypue DW-U d3-305",-719,-474.84375,13393.71875
"Graea Hypue CR-U d3-67",-992.25,-561.375,13385.90625
"Graea Hypue LZ-L c9-19",-963.53125,-529.53125,13448.28125
"Graea Hypue EB-W d2-81",-840.6875,-711.75,13329.3125
"Graea Hypue LS-S d4-85",-771.71875,-636.15625,13477.53125
"Graea Hypue IM-U d3-114",-688.75,-587.34375,13369.75
"Graea Hypue CR-U d3-254",-992.75,-551.9375,13387.375
"Graea Hypue MN-S d4-79",-825.6875,-685.125,13452.84375
"Graea Hypue CR-U d3-273",-995.34375,-556.90625,13360.1875
"Graea Hypue AG-W d2-128",-980.0625,-620.65625,13329.53125
"Graea Hypue MN-S d4-83",-824.28125,-699.59375,13429.875
"Graea Hypue HM-V e2-27",-784.03125,-563.9375,13506.375
"Graea Hypue OY-Q d5-28",-799.375,-613.15625,13502.28125
"Graea Hypue KT-A b17-8",-698.96875,-617.40625,13392.40625
"Graea Hypue LN-S d4-105",-924.59375,-679.6875,13417.4375
"Graea Hypue XE-Y d1-71",-771.8125,-520.46875,13228.25
"Graea Hypue XE-Y d1-40",-777.15625,-564.125,13218.40625
"Graea Hypue GH-R c6-36",-691.375,-532.875,13322.15625
"Graea Hypue XP-W d2-86",-942.09375,-445.75,13328.875
"Graea Hypue DG-W d2-108",-756.15625,-642.34375,13256.8125
"Graea Hypue SK-K c10-13",-767.875,-490.4375,13482.34375
"Graea Hypue LN-S d4-135",-877,-704.25,13418.21875
"Graea Hypue XE-Y d1-212",-771.46875,-535.90625,13221.9375
"Graea Hypue OY-Q d5-49",-855.9375,-628.03125,13504.28125
"Graea Hypue YZ-X d1-93",-807,-629.71875,13223.125
"Graea Hypue YH-S b21-14",-739.15625,-582.375,13481.6875
"Graea Hypue OY-Q d5-58",-826,-612.15625,13511.375
"Graea Hypue HM-U d3-117",-709.40625,-648.78125,13344.1875
"Graea Hypue DW-U d3-122",-712.78125,-467.78125,13349.53125
"Graea Hypue HM-U d3-76",-717.9375,-658.90625,13336.71875
"Graea Hypue BC-I c11-6",-785.625,-621.71875,13498.25
"Graea Hypue GR-U d3-113",-686.5,-521.5,13356.375
"Graea Hypue YS-Q b22-15",-783.0625,-555.59375,13510.8125
"Graea Hypue AW-U d3-253",-969.25,-477.0625,13409.75
"Graea Hypue EM-U d3-44",-986.53125,-628.1875,13373.625
"Graea Hypue DW-U d3-165",-727.34375,-446.4375,13342.75
"Graea Hypue IH-U d3-117",-794,-716.375,13376.65625
"Graea Hypue GR-U d3-125",-682.71875,-526.375,13383.53125
"Graea Hypue EM-U d3-40",-958.46875,-661.3125,13414.09375
"Graea Hypue XP-W d2-116",-894.21875,-428.375,13282.46875
"Graea Hypue XA-K c10-46",-721.3125,-578.4375,13472.8125
"Graea Hypue DW-U d3-204",-719.75,-461.40625,13410.90625
"Graea Hypue CR-U d3-99",-1004.6875,-559.96875,13373.71875
"Graea Hypue BZ-P b22-12",-869,-640.625,13503.25
"Graea Hypue KX-S d4-79",-697.5625,-507.1875,13422.9375
"Graea Hypue GC-T d4-321",-852.40625,-444.4375,13477.46875
"Graea Hypue XE-Y d1-192",-722.09375,-536,13250.09375
"Graea Hypue KX-S d4-55",-703.59375,-534.84375,13449.78125
"Graea Hypue MN-S d4-132",-849.28125,-670.21875,13486
"Graea Hypue DW-U d3-205",-719.90625,-453.03125,13399.0625
"Graea Hypue AG-W d2-74",-977.90625,-641.0625,13310.46875
"Graea Hypue OY-Q d5-155",-814.0625,-630.53125,13511.40625
"Graea Hypue QO-W c3-30",-839.15625,-539.15625,13195.9375
"Graea Hypue EM-U d3-169",-997.3125,-620.46875,13361.4375
"Graea Hypue EG-W d2-8",-699.34375,-624.03125,13294.1875
"Graea Hypue KX-S d4-102",-686.59375,-555.125,13430.5625
"Graea Hypue IH-U d3-6",-840,-728.46875,13339.15625
"Graea Hypue KX-S d4-171",-700.84375,-516.625,13445.5625
"Graea Hypue YZ-X d1-147",-862.34375,-636.15625,13211.5625
"Graea Hypue MI-Q c6-2",-842.84375,-728.46875,13334.46875
"Graea Hypue KX-S d4-170",-697.90625,-511.5,13439.3125
"Graea Hypue EB-W d2-137",-847.9375,-728.375,13328.875
"Graea Hypue NY-Q d5-125",-873.125,-648.3125,13505.15625
"Graea Hypue AG-W d2-111",-983.125,-626.375,13291.875
"Graea Hypue EG-X e1-44",-676.6875,-526.9375,13401.0625
"Graea Hypue QO-N c8-6",-671.03125,-554.78125,13393.53125
"Graea Hypue XA-K c10-16",-730.875,-575.4375,13494.6875
"Graea Hypue EW-U d3-282",-682.59375,-497.46875,13391.34375
"Graea Hypue GD-T b7-0",-855.53125,-532.75,13191.6875
"Graea Hypue EW-U d3-104",-694.90625,-467.78125,13368.53125
"Graea Hypue JY-O c7-0",-979.875,-661.875,13339.3125
"Graea Hypue LT-O c7-40",-947.625,-696.34375,13342.5
"Graea Hypue IM-U d3-101",-682,-629.875,13347.25
"Graea Hypue WE-Y d1-203",-807.84375,-509.03125,13199.46875
"Graea Hypue XE-Y d1-29",-755.09375,-545.4375,13211.5
"Graea Hypue GT-N c8-65",-1004.9375,-512.09375,13390.5625
"Graea Hypue GR-U d3-234",-670.03125,-582.34375,13391.03125
"Graea Hypue YZ-X d1-69",-808.28125,-613.46875,13198.125
"Graea Hypue WP-L c9-20",-699.4375,-613.09375,13451.0625
"Graea Hypue CG-X e1-25",-964.90625,-505.875,13471.96875
"Graea Hypue CR-U d3-0",-1014.1875,-579.5,13347.96875
"Graea Hypue CR-U d3-75",-1014.125,-542.75,13376.625
"Graea Hypue GX-S d4-292",-1006.84375,-569.875,13417.75
"Graea Hypue IM-U d3-72",-675.78125,-621.625,13364.46875
"Graea Hypue PY-Q d5-192",-782.46875,-627.65625,13513.6875
"Graea Hypue YZ-X d1-94",-814.5,-638.15625,13206.03125
"Graea Hypue CO-Q b22-11",-737.59375,-584.4375,13502.46875
"Graea Hypue XP-W d2-159",-915,-436.125,13261.78125
"Graea Hypue LN-S d4-6",-901.375,-670.25,13486.9375
"Graea Hypue IM-U d3-190",-671.8125,-591.96875,13407.15625
"Graea Hypue GR-U d3-217",-665.46875,-553.03125,13390.875
"Graea Hypue IM-U d3-164",-687.28125,-642.1875,13400.96875
"Graea Hypue MN-S d4-0",-804.84375,-721.75,13429.59375
"Graea Hypue IM-U d3-110",-674.03125,-600.96875,13410.09375
"Graea Hypue IH-U d3-104",-819.6875,-737.65625,13351.65625
"Graea Hypue IM-U d3-40",-690.375,-654.21875,13336.375
"Graea Hypue PY-Q d5-228",-754.875,-591.90625,13515.5
"Graea Hypue NI-P c7-29",-662.90625,-545.375,13371.4375
"Graea Hypue WZ-X d1-137",-955.40625,-617.875,13236.78125
"Graea Hypue DX-H c11-27",-823.4375,-632.78125,13525.5625
"Graea Hypue BC-Q c7-8",-800.125,-386.4375,13371.21875
"Graea Hypue QO-N c8-8",-669.03125,-580.65625,13411.625
"Graea Hypue UU-L c9-46",-670.53125,-582.96875,13416.15625
"Graea Hypue IM-U d3-191",-668.1875,-590.3125,13405.8125
"Graea Hypue VE-Y d1-241",-875.5,-558.5625,13184.84375
"Graea Hypue FX-P c7-53",-715.71875,-431.875,13342.53125
"Graea Hypue KX-S d4-100",-685.96875,-529.8125,13450.3125
"Graea Hypue YZ-X d1-171",-835.71875,-660.625,13210.4375
"Graea Hypue YZ-X d1-164",-816.71875,-653.1875,13206.96875
"Graea Hypue EM-U d3-35",-1006.59375,-636,13366.8125
"Graea Hypue GR-U d3-163",-669.8125,-508.34375,13400.875
"Graea Hypue KX-S d4-46",-704.28125,-572.875,13483.40625
"Graea Hypue VP-I b12-0",-800.78125,-719.90625,13279.15625
"Graea Hypue KX-S d4-216",-670.46875,-533.65625,13424.71875
"Graea Hypue AI-D b15-7",-940.71875,-714.46875,13348.59375
"Graea Hypue YZ-X d1-3",-814.8125,-659.46875,13208.1875
"Graea Hypue WP-L c9-4",-679.0625,-602.34375,13440.21875
"Graea Hypue WZ-V c3-20",-829.4375,-655.46875,13203.8125
"Graea Hypue LN-P c7-45",-659.65625,-525.4375,13365.3125
"Graea Hypue VG-U b20-8",-684.75,-547.4375,13459.5625
"Graea Hypue LS-S d4-210",-723.53125,-636.6875,13483.09375
"Graea Hypue AH-D b16-9",-658.5625,-529.90625,13361.125
"Graea Hypue BR-J c10-31",-728.9375,-645.53125,13482.46875
"Graea Hypue CR-U d3-56",-1011.6875,-515.4375,13414.96875
"Graea Hypue VJ-Y d1-128",-759.40625,-470.65625,13222.59375
"Graea Hypue OY-Q d5-32",-820.125,-621.15625,13535.625
"Graea Hypue UA-T c5-20",-1010.3125,-528.96875,13294.9375
"Graea Hypue UF-F b15-2",-663.5625,-510.1875,13340.40625
"Graea Hypue TV-V b19-4",-674.90625,-574.71875,13445.34375
"Graea Hypue EM-U d3-29",-1013.3125,-632.25,13353.25
"Graea Hypue VG-I c11-16",-949.0625,-582.53125,13512.75
"Graea Hypue TV-V b19-9",-673.03125,-572.09375,13444.21875
"Graea Hypue PT-N c8-52",-660.75,-523.875,13398.875
"Graea Hypue IC-T d4-265",-697,-460.21875,13428.0625
"Graea Hypue AW-J c10-26",-684.8125,-601.375,13459.53125
"Graea Hypue KX-S d4-185",-679.25,-505.625,13441.59375
"Graea Hypue VU-L c9-0",-660.96875,-581.0625,13415.65625
"Graea Hypue SZ-L c9-59",-665.6875,-534.5,13427.21875
"Graea Hypue GR-U d3-16",-658.46875,-574.0625,13409.6875
"Graea Hypue GT-M c9-1",-864.1875,-382.65625,13418.78125
"Graea Hypue WU-W d2-144",-858.09375,-398.03125,13267.75
"Graea Hypue LS-S d4-93",-711.6875,-659.96875,13458.59375
"Graea Hypue EM-U d3-30",-1016.71875,-631.03125,13357.75
"Graea Hypue MY-N c8-6",-673.375,-488.25,13413.6875
"Graea Hypue IM-U d3-45",-658.4375,-612.3125,13348.8125
"Graea Hypue XE-Y d1-18",-734.875,-561.375,13203.96875
"Graea Hypue QY-O c7-20",-667.96875,-640.53125,13358.96875
"Graea Hypue EW-U d3-127",-676.53125,-464.71875,13359.28125
"Graea Hypue IC-S c5-14",-844.625,-736.59375,13287.1875
"Graea Hypue KC-U d3-100",-837.78125,-751.625,13351
"Graea Hypue BR-U d3-233",-1030.90625,-545.125,13353.40625
"Graea Hypue KC-U d3-29",-860.84375,-750.46875,13380
"Graea Hypue KX-S d4-172",-665.75,-571.9375,13439.25
"Graea Hypue IJ-B b16-8",-898.34375,-744.4375,13366.6875
"Graea Hypue MY-N c8-5",-667.75,-491.75,13409.59375
"Graea Hypue EM-U d3-25",-1022.375,-622.40625,13346.71875
"Graea Hypue SJ-O c7-13",-847.375,-753.5,13367.375
"Graea Hypue XU-M c8-22",-732.9375,-719.09375,13385.375
"Graea Hypue IM-U d3-12",-650.28125,-592.59375,13367.90625
"Graea Hypue EM-U d3-49",-1001,-661.28125,13401.15625
"Graea Hypue YZ-X d1-4",-790.125,-660.90625,13203.84375
"Graea Hypue QP-X b18-11",-661.21875,-580.8125,13432.34375
"Graea Hypue EW-U d3-15",-658.625,-496.375,13377.53125
"Graea Hypue HD-G c12-46",-821.59375,-632.6875,13542
"Graea Hypue CM-E b15-6",-650.375,-602.875,13344.9375
"Graea Hypue KX-S d4-222",-668.65625,-552.40625,13455.0625
"Graea Hypue KC-U d3-0",-833.34375,-754.90625,13390.3125
"Graea Hypue GX-S d4-96",-998.34375,-560.21875,13478.71875
"Graea Hypue LN-P c7-8",-648.53125,-518.46875,13362.78125
"Graea Hypue XE-Y d1-63",-715.25,-535.40625,13212
"Graea Hypue KH-U d3-40",-691.78125,-688.4375,13338.90625
"Graea Hypue NY-Q d5-148",-922.84375,-621,13530.84375
"Graea Hypue EW-U d3-289",-674.65625,-454.3125,13363.71875
"Graea Hypue HH-U d3-12",-927.125,-738.0625,13344.625
"Graea Hypue QT-Q d5-150",-827.96875,-685.59375,13515.53125
"Graea Hypue KX-S d4-178",-681.03125,-574.5625,13480.46875
"Graea Hypue KX-S d4-43",-669.90625,-522.34375,13458.21875
"Graea Hypue NE-B b16-5",-841.65625,-760.9375,13372.53125
"Graea Hypue YA-K c10-53",-668.09375,-559.40625,13463.96875
"Graea Hypue MD-R d5-267",-832.28125,-519.78125,13557.96875
"Graea Hypue ZL-I c11-62",-734.53125,-540.53125,13530.84375
"Graea Hypue GT-M c9-46",-843.21875,-368,13416.5625
"Graea Hypue KX-S d4-148",-681.21875,-550.6875,13483.46875
"Graea Hypue NI-P c7-38",-639.8125,-549.75,13361.1875
"Graea Hypue ZL-I c11-36",-738.25,-540.0625,13533.84375
"Graea Hypue HI-B b17-14",-640.875,-557.78125,13389.71875
"Graea Hypue GX-S d4-58",-1014.8125,-542.125,13461.9375
"Graea Hypue GW-V d2-21",-837.6875,-760.34375,13327.96875
"Graea Hypue BX-U b6-0",-868.5,-534.3125,13163.4375
"Graea Hypue GM-V e2-6",-913.875,-585.90625,13548.59375
"Graea Hypue XF-U c4-28",-954.09375,-657.5,13224.6875
"Graea Hypue ZA-V d3-278",-892.75,-365.5625,13358.34375
"Graea Hypue KC-U d3-41",-824.4375,-761.6875,13385.3125
"Graea Hypue VF-F b15-12",-641.65625,-520.71875,13353.46875
"Graea Hypue VE-Y d1-215",-921.71875,-507.4375,13182.75
"Graea Hypue XU-M c8-19",-721.21875,-725.59375,13380.71875
"Graea Hypue YZ-X d1-49",-803.15625,-640.46875,13177.15625
"Graea Hypue LU-L c9-26",-1031.375,-548.75,13434.5
"Graea Hypue VU-L c9-33",-651.1875,-570.15625,13438.21875
"Graea Hypue IM-U d3-57",-641.15625,-609.375,13361.84375
"Graea Hypue NJ-Z b17-10",-640.28125,-582.9375,13404.0625
"Graea Hypue OG-M b24-10",-809.09375,-662.4375,13539.21875
"Graea Hypue KH-U d3-125",-701.625,-711.25,13392.3125
"Graea Hypue EW-U d3-238",-647.46875,-488.15625,13348.15625
"Graea Hypue QT-Q d5-148",-798.875,-669.09375,13533.5625
"Graea Hypue GX-S d4-174",-1000.71875,-582.75,13492.1875
"Graea Hypue AX-B b17-4",-646.15625,-492.21875,13389.5
"Graea Hypue GR-U d3-222",-638.46875,-518.5625,13389.625
"Graea Hypue EW-U d3-194",-684.375,-426.34375,13392.0625
"Graea Hypue MY-Q d5-82",-986.4375,-614.84375,13501.375
"Graea Hypue RP-X b18-1",-640.5625,-577.96875,13419.4375
"Graea Hypue WF-K c10-25",-670.9375,-513.4375,13474.0625
"Graea Hypue YA-V d3-118",-991.3125,-417.59375,13385.90625
"Graea Hypue GR-U d3-232",-639.3125,-518.25,13403.59375
"Graea Hypue QY-Q d5-123",-704.0625,-627.96875,13507.3125
"Graea Hypue JC-U d3-42",-937.46875,-747.1875,13343.8125
"Graea Hypue NY-N c8-14",-649.34375,-476.1875,13387.53125
"Graea Hypue QY-Q d5-205",-694.5,-601.1875,13508.84375
"Graea Hypue KX-S d4-176",-672.15625,-550.34375,13488.59375
"Graea Hypue YZ-X d1-26",-809.21875,-662.4375,13179.03125
"Graea Hypue CR-J c10-10",-694.125,-660.84375,13477.65625
"Graea Hypue XE-Y d1-14",-753.9375,-505.875,13176.3125
"Graea Hypue SO-Y d1-168",-794.6875,-409.90625,13219.125
"Graea Hypue NY-N c8-59",-649.6875,-476.78125,13403.84375
"Graea Hypue KH-U d3-29",-695.40625,-716.34375,13348.40625
"Graea Hypue EW-U d3-215",-654.8125,-456.875,13357.46875
"Graea Hypue OI-S d4-40",-841.59375,-767.78125,13416.125
"Graea Hypue KC-U d3-105",-856.6875,-774.0625,13376.25
"Graea Hypue XF-K c10-18",-655.0625,-541.875,13466.8125
"Graea Hypue WZ-X d1-10",-955.09375,-626.28125,13192.84375
"Graea Hypue XP-M c8-22",-798.71875,-767.53125,13403.65625
"Graea Hypue EG-W d2-114",-645.625,-600.3125,13279.96875
"Graea Hypue EH-T d4-298",-856.0625,-356.4375,13426.84375
"Graea Hypue MI-D b15-4",-700.125,-723.59375,13345.625
"Graea Hypue OY-Q d5-23",-826.6875,-615.78125,13569.8125
"Graea Hypue GR-U d3-186",-630.75,-514.125,13376.65625
"Graea Hypue YR-S b21-1",-659.09375,-535.03125,13475.34375
"Graea Hypue GR-U d3-128",-628.8125,-520.9375,13347.71875
"Graea Hypue QT-Q d5-145",-847.65625,-685.0625,13539.8125
"Graea Hypue ZF-W d2-32",-1043.21875,-613.84375,13304.125
"Graea Hypue NI-S d4-31",-900.53125,-762.03125,13419.875
"Graea Hypue EW-U d3-31",-673.0625,-429.03125,13406
"Graea Hypue QT-Q d5-144",-802.59375,-667.59375,13548.6875
"Graea Hypue XE-Y d1-78",-724.09375,-520.59375,13181.59375
"Graea Hypue FB-W d2-53",-720.78125,-739.53125,13322.40625
"Graea Hypue TO-Y d1-41",-759.46875,-394.3125,13245.78125
"Graea Hypue SY-Z d78",-826.53125,-568.09375,13143.1875
"Graea Hypue FB-W d2-50",-718.90625,-737.5,13315.5625
"Graea Hypue KX-S d4-147",-642.21875,-550.34375,13454.875
"Graea Hypue KH-U d3-67",-657,-682.0625,13336.90625
"Graea Hypue DR-R c6-17",-661.78125,-436.59375,13322.78125
"Graea Hypue RT-Q d5-73",-750.25,-666.40625,13535.15625
"Graea Hypue WG-C b17-9",-650.625,-448.15625,13383.375
"Graea Hypue QY-Q d5-3",-692.28125,-650.90625,13500.875
"Graea Hypue PI-Q c6-6",-711.65625,-737.625,13321
"Graea Hypue EH-T d4-271",-842.90625,-357.9375,13452.21875
"Graea Hypue CS-H c11-20",-915.03125,-699.8125,13519.28125
"Graea Hypue KX-S d4-81",-635.90625,-534.75,13445.875
"Graea Hypue VU-L c9-39",-636.71875,-545.875,13450.875
"Graea Hypue XU-W d2-106",-775.875,-367.53125,13269.03125
"Graea Hypue QD-A d1-77",-860.78125,-470.90625,13157.28125
"Graea Hypue EW-U d3-209",-636.34375,-469.15625,13345.34375
"Graea Hypue KX-S d4-218",-639.25,-555.78125,13461.53125
"Graea Hypue VL-U b20-11",-641.15625,-542.375,13464.34375
"Graea Hypue XU-W d2-110",-779.375,-354.0625,13297.09375
"Graea Hypue YE-Y d1-4",-646.0625,-555.34375,13247.9375
"Graea Hypue RV-U b20-16",-644.34375,-501.9375,13459.0625
"Graea Hypue IM-U d3-117",-632.5,-646.25,13394.875
"Graea Hypue WZ-X d1-62",-1008.75,-588.84375,13211.25
"Graea Hypue FX-S d4-191",-1058.15625,-572.375,13427.09375
"Graea Hypue KH-U d3-0",-696.34375,-739.25,13347.71875
"Graea Hypue PX-X b19-4",-842,-345.1875,13440.71875
"Graea Hypue YA-V d3-297",-998.6875,-394.75,13342
"Graea Hypue ON-S d4-101",-685.84375,-715.4375,13435.71875
"Graea Hypue LC-U d3-64",-725.75,-761.125,13368.5
"Graea Hypue ZR-O c8-117",-900.6875,-339.625,13390.5
"Graea Hypue WU-W d2-140",-810.3125,-348.9375,13273.625
"Graea Hypue EW-U d3-125",-648.84375,-437.5625,13404.4375
"Graea Hypue YE-Z e45",-673.78125,-485.125,13219.03125
"Graea Hypue UO-O c7-9",-674.625,-724.125,13359.5
"Graea Hypue MS-S d4-6",-632.75,-635.4375,13436.25
"Graea Hypue KX-S d4-169",-648.0625,-534.3125,13490.53125
"Graea Hypue KH-U d3-128",-669.96875,-718.40625,13387.71875
"Graea Hypue EH-T d4-294",-824.15625,-346.6875,13454.09375
"Graea Hypue EC-T d4-156",-1022.1875,-441.21875,13448.34375
"Graea Hypue DY-M c9-76",-875.59375,-336.5,13419.15625
"Graea Hypue EW-U d3-226",-634.125,-461.59375,13411.40625
"Graea Hypue NY-N c8-56",-625.65625,-474.1875,13400.75
"Graea Hypue PN-Q c6-32",-654.46875,-700.0625,13323.8125
"Graea Hypue AA-A h42",-652.03125,-565.75,13219.875
"Graea Hypue FW-U d3-190",-621.125,-472.3125,13343.3125
"Graea Hypue RP-U c4-40",-1049.6875,-566,13247.9375
"Graea Hypue CH-T d4-149",-1021.6875,-424.78125,13435.40625
"Graea Hypue PT-Q d5-122",-885.34375,-698.71875,13551.34375
"Graea Hypue KH-U d3-37",-681.09375,-737.96875,13339.1875
"Graea Hypue DS-Q c6-14",-1051.71875,-656.25,13297.8125
"Graea Hypue XK-Z b16-4",-713.6875,-763.625,13391.53125
"Graea Hypue HS-S d4-27",-1025.625,-644.8125,13491.6875
"Graea Hypue XW-S b21-0",-632.96875,-523.5625,13478.9375
"Graea Hypue KC-R c6-28",-608,-546.875,13298.25
"Graea Hypue FW-U d3-19",-614.46875,-474.84375,13355.53125
"Graea Hypue YK-M c8-21",-860.21875,-799.78125,13399.8125
"Graea Hypue KX-S d4-156",-628.25,-519.34375,13471.0625
"Graea Hypue AA-Z e24",-632.5,-562.09375,13237
"Graea Hypue GH-T d4-248",-682.03125,-418.65625,13477.96875
"Graea Hypue QT-Q d5-35",-821.90625,-738.34375,13527.84375
"Graea Hypue QD-A d1-99",-857.21875,-495.53125,13127
"Graea Hypue OJ-W c3-34",-999,-562.53125,13175.03125
"Graea Hypue UL-R c6-68",-1069.1875,-496.5,13301.5625
"Graea Hypue PI-S d4-135",-780.78125,-783.8125,13445.0625
"Graea Hypue WJ-O c7-2",-692.3125,-756.28125,13354.1875
"Graea Hypue JM-U d3-92",-611.6875,-649.875,13375.28125
"Graea Hypue GN-R d5-210",-977.65625,-421.28125,13510.96875
"Graea Hypue KH-U d3-127",-659.0625,-723.03125,13403.8125
"Graea Hypue OY-N c8-35",-612.21875,-469.375,13386.65625
"Graea Hypue QY-Q d5-194",-642.96875,-610.53125,13502.5625
"Graea Hypue UZ-O d6-207",-831.5625,-683.09375,13577.25
"Graea Hypue FW-U d3-118",-615,-469.59375,13408.25
"Graea Hypue FX-S d4-172",-1075.59375,-560.8125,13441.40625
"Graea Hypue UJ-N c8-28",-595.5,-595.90625,13377.65625
"Graea Hypue IN-R d5-465",-830.3125,-395.34375,13546.34375
"Graea Hypue WU-Z b16-1",-651.75,-721.28125,13380.6875
"Graea Hypue IS-H c11-6",-672.4375,-675.875,13504.28125
"Graea Hypue VP-W d2-183",-1077.1875,-494.125,13323.125
"Graea Hypue FW-U d3-29",-621.9375,-442.875,13384.65625
"Graea Hypue QY-Q d5-87",-648.4375,-639.03125,13501.9375
"Graea Hypue BR-U d3-256",-1091.375,-560.375,13366.375
"Graea Hypue ZF-W d2-38",-1062.59375,-641.4375,13276.9375
"Graea Hypue QY-Q d5-223",-668.34375,-650.3125,13520.875
"Graea Hypue WJ-O c7-9",-688.9375,-761.09375,13358.21875
"Graea Hypue QY-Q d5-39",-650.25,-643.3125,13504.78125
"Graea Hypue DM-U d3-229",-1075.53125,-646,13401.375
"Graea Hypue QD-A d1-110",-794.84375,-452.53125,13137.875
"Graea Hypue VP-W d2-184",-1077.875,-486.03125,13313.65625
"Graea Hypue VZ-W d2-296",-741.09375,-331.96875,13316.28125
"Graea Hypue ZF-W d2-7",-1072.75,-590.75,13262.71875
"Graea Hypue QY-Q d5-36",-650.71875,-657.03125,13501.5625
"Graea Hypue QD-A d1-83",-815.90625,-491.3125,13118.25
"Graea Hypue QY-Q d5-58",-669.125,-593.71875,13547.25
"Graea Hypue FG-W d2-16",-596.78125,-595.84375,13293.34375
"Graea Hypue QJ-P d6-106",-789.5625,-575.8125,13612
"Graea Hypue HS-S d4-7",-1077.625,-606,13447.125
"Graea Hypue QJ-P d6-161",-857.78125,-569.0625,13617.21875
"Graea Hypue IR-S c5-35",-601.6875,-621.84375,13290.5625
"Graea Hypue PI-S d4-101",-737.03125,-762.71875,13482.46875
"Graea Hypue JC-T d4-113",-614.03125,-491.90625,13460.96875
"Graea Hypue TZ-W d2-256",-868.28125,-317.90625,13283.28125
"Graea Hypue OT-Q d5-115",-952.5,-736.96875,13513.28125
"Graea Hypue VZ-X d1-92",-1031.75,-606.375,13195.03125
"Graea Hypue OI-S d4-137",-855.3125,-801.15625,13456.78125
"Graea Hypue KC-U d3-65",-823.96875,-818.0625,13385.65625
"Graea Hypue NP-O b23-13",-636.25,-589.34375,13518.3125
"Graea Hypue ZG-C b17-7",-603.1875,-459.40625,13383.8125
"Graea Hypue KS-P c7-27",-588.84375,-501.875,13342.09375
"Graea Hypue YW-O c8-64",-832.78125,-301.28125,13376.46875
"Graea Hypue YW-O c8-93",-838.3125,-301.125,13382.84375
"Graea Hypue VZ-W d2-386",-775.65625,-310.3125,13331.125
"Graea Hypue QY-Q d5-7",-666.78125,-612.53125,13549.75
"Graea Hypue LO-F c12-19",-893.5625,-749.03125,13535.375
"Graea Hypue QV-J c10-32",-1074.4375,-620.3125,13462.75
"Graea Hypue BA-Y d1-86",-610.46875,-596.25,13242.9375
"Graea Hypue TE-Y d1-240",-1042.78125,-530.78125,13198.5625
"Graea Hypue BR-U d3-131",-1101.875,-583,13362.34375
"Graea Hypue UR-M b10-5",-1059.8125,-650.3125,13248.84375
"Graea Hypue CH-T d4-100",-1023.4375,-380.875,13415.53125
"Graea Hypue NI-S d4-40",-876.65625,-811.09375,13433.34375
"Graea Hypue XV-Y b16-3",-844.625,-822.09375,13390
"Graea Hypue EY-M c9-19",-856.96875,-305.25,13418
"Graea Hypue TV-N b23-3",-668.875,-670.40625,13527.96875
"Graea Hypue QD-A d1-62",-834.0625,-490.46875,13107.96875
"Graea Hypue QD-G b15-9",-1060.75,-417.59375,13340.53125
"Graea Hypue QY-Q d5-155",-697.28125,-638.09375,13569.5
"Graea Hypue WF-V d3-380",-970.75,-331.84375,13349.0625
"Graea Hypue QD-A d1-230",-834.03125,-483.75,13108.34375
"Graea Hypue VZ-O d6-88",-739.375,-665.71875,13584.25
"Graea Hypue YW-O c8-72",-856.0625,-296.75,13388.15625
"Graea Hypue AR-U d3-288",-1106.375,-570.59375,13349.5625
"Graea Hypue TE-Y d1-24",-1067.875,-529.125,13226.875
"Graea Hypue MD-O c8-68",-599.65625,-448.28125,13375.625
"Graea Hypue ON-S d4-112",-693.90625,-741.34375,13492.46875
"Graea Hypue HX-H c11-11",-635.4375,-659.28125,13501.75
"Graea Hypue RT-Q d5-17",-729.375,-725,13541.1875
"Graea Hypue LY-Q d5-91",-1027.8125,-586.09375,13551.875
"Graea Hypue DC-T d4-208",-1048.46875,-445.3125,13485.15625
"Graea Hypue MO-F c12-29",-841.25,-746.34375,13555.875
"Graea Hypue GN-R d5-300",-954.15625,-366.375,13507.28125
"Graea Hypue JI-G c12-26",-652.875,-585.0625,13552.0625
"Graea Hypue QY-Q d5-17",-651.53125,-614.96875,13544.5625
"Graea Hypue OI-S d4-82",-826.90625,-794.4375,13494.28125
"Graea Hypue GI-H c11-16",-916.71875,-765.8125,13518.3125
"Graea Hypue QF-S c6-106",-942.5625,-318,13309.6875
"Graea Hypue FW-U d3-30",-599.15625,-449.65625,13401.375
"Graea Hypue JS-H c11-29",-648.59375,-669.84375,13515.71875
"Graea Hypue MC-U d3-35",-694.9375,-786.84375,13337.78125
"Graea Hypue LD-G c12-28",-659.1875,-627.59375,13550.15625
"Graea Hypue AR-U d3-270",-1108.8125,-532,13375.0625
"Graea Hypue OI-S d4-71",-787.8125,-809.84375,13454.4375
"Graea Hypue AR-U d3-17",-1105.84375,-524.34375,13401.75
"Graea Hypue BR-Q b23-25",-959.28125,-374.53125,13518.03125
"Graea Hypue ON-S d4-85",-630.46875,-680.09375,13484.46875
"Graea Hypue VZ-W d2-317",-714.71875,-336.25,13276.625
"Graea Hypue UZ-W d2-62",-822.71875,-293.65625,13315.25
"Graea Hypue KO-W c3-2",-1065.96875,-537.34375,13210.9375
"Graea Hypue YW-O c8-25",-854.03125,-292.34375,13404.34375
"Graea Hypue AR-U d3-129",-1111.75,-573.59375,13386.8125
"Graea Hypue YU-X d1-156",-1024.96875,-726.28125,13247.46875
"Graea Hypue CJ-F b16-10",-704.5625,-324.875,13369.5625
"Graea Hypue ST-D b17-27",-926.625,-303.34375,13385.375
"Graea Hypue BA-Y d1-88",-607.8125,-599.3125,13224.3125
"Graea Hypue QI-S d4-7",-699.1875,-789.4375,13415.21875
"Graea Hypue UZ-O d6-219",-857.84375,-693.71875,13601.125
"Graea Hypue GH-T d4-323",-690.125,-363.875,13478.40625
"Graea Hypue UT-Z d27",-862.90625,-651.71875,13103.90625
"Graea Hypue AR-U d3-20",-1111.09375,-566.15625,13410.09375
"Graea Hypue EH-I c11-15",-610.8125,-584.0625,13510.90625
"Graea Hypue ST-Z d5",-998.625,-656.625,13158
"Graea Hypue JI-G c12-21",-645.96875,-587.21875,13554.375
"Graea Hypue QI-S d4-107",-648.59375,-747.4375,13426.46875
"Graea Hypue AR-U d3-286",-1115.5625,-571.5,13350.3125
"Graea Hypue UL-R c6-69",-1100.03125,-476.53125,13324.0625
"Graea Hypue GS-R d5-74",-796.15625,-335.46875,13513.75
"Graea Hypue BQ-W d2-119",-589.8125,-450.5625,13332.28125
"Graea Hypue AG-V d3-25",-698.9375,-324.46875,13368.1875
"Graea Hypue NO-P d6-257",-898,-461.6875,13613.3125
"Graea Hypue KO-W c3-20",-1065.1875,-543.09375,13201.09375
"Graea Hypue OI-A d1-217",-834.6875,-408.96875,13130.59375
"Graea Hypue AR-U d3-239",-1114.875,-558.65625,13400.09375
"Graea Hypue QE-O c7-31",-995.875,-790.625,13359.03125
"Graea Hypue VZ-O d6-48",-757.9375,-713.53125,13578.34375
"Graea Hypue KO-L b10-3",-980.25,-765.75,13236.875
"Graea Hypue VZ-W d2-286",-756.90625,-298.59375,13326.1875
"Graea Hypue OI-A d1-57",-845.40625,-418.625,13123.1875
"Graea Hypue AG-V d3-72",-675.9375,-337.125,13350.71875
"Graea Hypue QJ-P d6-242",-863.03125,-548.5625,13639
"Graea Hypue QJ-P d6-99",-861.53125,-581.15625,13638.84375
"Graea Hypue DC-T d4-84",-1059.375,-438,13482.59375
"Graea Hypue QI-S d4-138",-704.84375,-765.03125,13494.96875
"Graea Hypue QI-S d4-62",-679.25,-779.9375,13424.78125
"Graea Hypue DC-T d4-65",-1056.3125,-437.40625,13489.8125
"Graea Hypue LH-U d3-92",-597.34375,-693.90625,13400.0625
"Graea Hypue UL-R c6-71",-1101.9375,-473.1875,13312.59375
"Graea Hypue UY-Z d192",-697.78125,-509.09375,13126.3125
"Graea Hypue AR-U d3-275",-1117.96875,-522.0625,13347.3125
"Graea Hypue LH-U d3-142",-620.9375,-735.84375,13368.15625
"Graea Hypue AG-V d3-65",-669.9375,-338.53125,13347.84375
"Graea Hypue QK-O b23-2",-616.28125,-611.65625,13523.25
"Graea Hypue AR-U d3-26",-1118.34375,-527.40625,13388.84375
"Graea Hypue RY-Q d5-137",-617.46875,-613.90625,13524.375
"Graea Hypue OI-S d4-10",-792.625,-814.6875,13473.375
"Graea Hypue RY-Q d5-202",-621.96875,-664.96875,13504.84375
"Graea Hypue LT-P d6-302",-871.375,-395.03125,13587.34375
"Graea Hypue LH-U d3-68",-590,-688.46875,13394.34375
"Graea Hypue DC-T d4-58",-1068.625,-440.78125,13479.90625
"Graea Hypue AR-U d3-21",-1121.90625,-534.0625,13337.53125
"Graea Hypue JN-S d4-46",-1070,-678.96875,13480.6875
"Graea Hypue RY-Q d5-157",-624.25,-654,13520.9375
"Graea Hypue MC-U d3-92",-687.0625,-800.0625,13347.65625
"Graea Hypue BB-W d2-163",-1102.84375,-667.90625,13333.625
"Graea Hypue MX-T d3-124",-837.21875,-844.53125,13335.75
"Graea Hypue PX-S b20-10",-1071.5625,-691.875,13466.03125
"Graea Hypue UZ-O d6-100",-862.4375,-706.375,13606.21875
"Graea Hypue AR-U d3-159",-1124.125,-536.46875,13339.96875
"Graea Hypue MC-U d3-86",-641.125,-765.09375,13376.84375
"Graea Hypue XW-O c8-40",-878.65625,-278.5,13382.53125
"Graea Hypue ZV-U d3-301",-1093.59375,-432.25,13396.59375
"Graea Hypue LT-P d6-338",-873.71875,-377.5625,13578.625
"Graea Hypue BA-Y d1-56",-613.5,-637.65625,13205.53125
"Graea Hypue QY-Q d5-121",-644.96875,-631.5,13558.40625
"Graea Hypue RY-Q d5-155",-620.03125,-628.96875,13531.03125
"Graea Hypue LX-T d3-107",-867.8125,-844,13396.5625
"Graea Hypue OD-A d1-50",-1001.25,-484.53125,13137.03125
"Graea Hypue LT-P d6-553",-914.59375,-407.625,13592.78125
"Graea Hypue XW-O c8-44",-867.78125,-278.71875,13408.03125
"Graea Hypue MC-U d3-16",-686.3125,-800.90625,13399.59375
"Graea Hypue FW-U d3-25",-569.09375,-473.21875,13397.8125
"Graea Hypue SE-P d6-95",-821.5625,-661.125,13631.0625
"Graea Hypue VZ-W d2-341",-728,-309.34375,13278.78125
"Graea Hypue OD-A d1-42",-968.125,-428.5,13140.03125
"Graea Hypue AR-U d3-227",-1128.34375,-570.15625,13346.84375
"Graea Hypue ZV-U d3-177",-1097.6875,-438.28125,13407.96875
"Graea Hypue ZQ-I b27-2",-987.59375,-483.96875,13598.125
"Graea Hypue ND-O c8-35",-582.78125,-440,13409.3125
"Graea Hypue GS-R d5-171",-833.6875,-331.71875,13537.40625
"Graea Hypue AR-U d3-178",-1129.0625,-537.84375,13367.59375
"Graea Hypue FR-R c6-31",-576.0625,-447.09375,13333.8125
"Graea Hypue QI-S d4-137",-699.6875,-808.03125,13416.84375
"Graea Hypue YW-O c8-109",-835.34375,-273.78125,13397.3125
"Graea Hypue QY-Q d5-147",-655.4375,-664.375,13559.75
"Graea Hypue LH-U d3-32",-580.03125,-686.90625,13382.46875
"Graea Hypue UD-R b21-3",-1063.65625,-694.625,13491.3125
"Graea Hypue VJ-N c8-36",-558.59375,-623.34375,13392.65625
"Graea Hypue MC-U d3-41",-659.0625,-787.59375,13350.125
"Graea Hypue LT-P d6-295",-865.65625,-413.90625,13611.15625
"Graea Hypue MC-U d3-82",-648.03125,-777.5,13387.125
"Graea Hypue PN-B d69",-873.09375,-619.09375,13078.625
"Graea Hypue RY-Q d5-61",-623.875,-592.71875,13554.28125
"Graea Hypue HV-E b28-6",-837,-691.6875,13622.71875
"Graea Hypue ZU-Z b16-0",-599.09375,-724.34375,13377.09375
"Graea Hypue PI-P c7-44",-549.1875,-578.65625,13345.96875
"Graea Hypue LH-U d3-93",-600.375,-725.21875,13391.5
"Graea Hypue VZ-W d2-298",-740.40625,-293.875,13295
"Graea Hypue IW-V d2-71",-648.4375,-780.90625,13332.125
"Graea Hypue VZ-W d2-344",-723.0625,-306.0625,13276.125
"Graea Hypue UZ-W d2-87",-838.21875,-276.5,13289
"Graea Hypue UO-Q d5-25",-698.375,-745.21875,13541.375
"Graea Hypue LH-U d3-44",-569.625,-670.65625,13392.59375
"Graea Hypue GS-R d5-188",-806.5625,-318.65625,13524.40625
"Graea Hypue MN-A d1-14",-814.09375,-335.90625,13174.78125
"Graea Hypue KH-A c2-1",-692.46875,-504.03125,13114.3125
"Graea Hypue UO-Q d5-33",-701.25,-766.34375,13520
"Graea Hypue AM-T d4-31",-1005,-340.15625,13465.4375
"Graea Hypue SO-Q d5-113",-828.53125,-763.9375,13574.78125
"Graea Hypue FW-U d3-130",-573.09375,-438.3125,13360.09375
"Graea Hypue AR-U d3-237",-1133.5625,-557.96875,13393.375
"Graea Hypue PI-S d4-33",-713.96875,-801.3125,13478.40625
"Graea Hypue MY-P c6-9",-1016.75,-794.75,13318.75
"Graea Hypue RD-S d4-106",-745.6875,-835.34375,13420.59375
"Graea Hypue YW-O c8-89",-845.9375,-267.65625,13400.4375
"Graea Hypue MC-U d3-47",-681.46875,-810.4375,13378.25
"Graea Hypue LG-A b19-29",-723,-295.65625,13422.78125
"Graea Hypue QY-Q d5-179",-640.4375,-634.9375,13568.28125
"Graea Hypue UZ-W d2-356",-788.5625,-282.40625,13273.75
"Graea Hypue RY-Q d5-159",-613.5,-653.5625,13529.625
"Graea Hypue AM-T d4-146",-969.21875,-316.25,13470.53125
"Graea Hypue AR-U d3-180",-1136.0625,-535.8125,13383
"Graea Hypue GS-R d5-410",-824.46875,-304.90625,13512.65625
"Graea Hypue MC-U d3-87",-630.625,-772.28125,13366
"Graea Hypue EM-T d4-282",-689.75,-324.875,13462.65625
"Graea Hypue RY-Q d5-196",-624.59375,-657.09375,13543.625
"Graea Hypue GS-R d5-467",-846.9375,-298.28125,13502.5625
"Graea Hypue RY-Q d5-9",-614.28125,-635.40625,13541.46875
"Graea Hypue AG-V d3-254",-676.25,-312.5625,13345.84375
"Graea Hypue AR-U d3-279",-1138.09375,-554.71875,13386.28125
"Graea Hypue IR-U d3-75",-542.65625,-567.25,13378.3125
"Graea Hypue FW-U d3-230",-555.21875,-482.59375,13402.15625
"Graea Hypue PD-A d1-114",-923.4375,-425.875,13108.53125
"Graea Hypue FW-U d3-225",-568.71875,-440.3125,13391.875
"Graea Hypue FW-U d3-250",-550.59375,-489.59375,13345.3125
"Graea Hypue WE-C b18-13",-899.03125,-271.15625,13407.84375
"Graea Hypue KS-Z b17-16",-1135.96875,-536.34375,13405.40625
"Graea Hypue AR-U d3-156",-1138.21875,-571.09375,13395.09375
"Graea Hypue PD-S d4-35",-911.3125,-833.8125,13464.71875
"Graea Hypue RY-Q d5-95",-587.3125,-634.4375,13505.3125
"Graea Hypue RY-Q d5-75",-589.5625,-620.6875,13515.71875
"Graea Hypue AR-U d3-119",-1140.21875,-533.84375,13354.28125
"Graea Hypue LH-U d3-137",-573.53125,-699.625,13381.59375
"Graea Hypue AR-U d3-90",-1138.875,-516.84375,13350.9375
"Graea Hypue HI-R d5-434",-1026.9375,-442.21875,13567.5625
"Graea Hypue FW-U d3-78",-548.8125,-484.40625,13375.75
"Graea Hypue HM-T b20-4",-1115.6875,-635.28125,13462.4375
"Graea Hypue BH-T d4-212",-1086.15625,-393.21875,13415.75
"Graea Hypue LH-U d3-1",-593.25,-734.3125,13384.65625
"Graea Hypue QI-S d4-79",-633.46875,-755.28125,13467.78125
"Graea Hypue LT-P d6-516",-929,-380.03125,13588.21875
"Graea Hypue UO-Q d5-98",-688.21875,-746.625,13547.375
"Graea Hypue UO-Q d5-81",-700.0625,-760.78125,13542.28125
"Graea Hypue NX-T d3-48",-769.5625,-856.40625,13369.5
"Graea Hypue BA-Y d1-79",-574,-648.90625,13244.78125
"Graea Hypue MO-P d6-238",-1024.53125,-475.46875,13588.53125
"Graea Hypue GS-R d5-589",-850.59375,-310.03125,13534.40625
"Graea Hypue MC-U d3-76",-647.03125,-795.78125,13339.96875
"Graea Hypue NX-T d3-28",-730.5625,-845.875,13367.375
"Graea Hypue RY-Q d5-193",-592.25,-621.65625,13529.15625
"Graea Hypue LH-U d3-77",-569.9375,-696.65625,13405.90625
"Graea Hypue UZ-W d2-33",-785.375,-276.71875,13261.84375
"Graea Hypue SJ-P d6-105",-701.03125,-552.75,13634.71875
"Graea Hypue NX-T d3-51",-773.9375,-859.625,13338.78125
"Graea Hypue NJ-P d6-19",-1057.25,-548,13579.0625
"Graea Hypue RY-Q d5-29",-585.15625,-632.03125,13517
"Graea Hypue RD-S d4-36",-746.34375,-838.625,13455.09375
"Graea Hypue QI-S d4-23",-644.8125,-763.78125,13485.71875
"Graea Hypue RY-Q d5-109",-616.71875,-615.59375,13566.03125
"Graea Hypue NX-T d3-52",-719.25,-843.0625,13387.125
"Graea Hypue LT-P d6-510",-888.65625,-397.75,13618.75
"Graea Hypue AR-U d3-67",-1148.6875,-539.78125,13360.625
"Graea Hypue RY-Q d5-208",-570.40625,-622.8125,13498.5625
"Graea Hypue YA-B b18-20",-1090.875,-386.21875,13410.53125
"Graea Hypue OD-A d1-239",-1008.8125,-464.40625,13120.90625
"Graea Hypue HR-V d2-80",-896.6875,-858.09375,13295.09375
"Graea Hypue DC-T d4-274",-1104.40625,-452.46875,13481.8125
"Graea Hypue SZ-O d6-15",-1009.46875,-706.40625,13576.78125
"Graea Hypue LH-U d3-45",-558.34375,-684.75,13394.46875
"Graea Hypue IS-R d5-43",-698.5625,-327.59375,13508.21875
"Graea Hypue TF-O b23-1",-590.84375,-638.59375,13528.53125
"Graea Hypue RY-Q d5-31",-573.625,-614.1875,13511.6875
"Graea Hypue FW-U d3-178",-552.21875,-447.03125,13339.84375
"Graea Hypue CQ-W d2-209",-543.59375,-489.34375,13302.03125
"Graea Hypue HB-W d2-37",-569.8125,-677.40625,13258.09375
"Graea Hypue NJ-P d6-211",-1035.375,-579.5625,13605.5625
"Graea Hypue EV-Q b8-5",-576.625,-591.53125,13197.15625
"Graea Hypue QI-S d4-81",-636.53125,-761.125,13489.1875
"Graea Hypue RY-Q d5-57",-605.71875,-629.65625,13557.09375
"Graea Hypue UZ-O d6-84",-860.3125,-707.15625,13638.46875
"Graea Hypue RY-Q d5-13",-603.4375,-655.84375,13543.78125
"Graea Hypue TE-C b18-28",-954.46875,-271.1875,13399.0625
"Graea Hypue FS-R d5-251",-899.5,-320.71875,13554.5625
"Graea Hypue GS-R d5-72",-830.875,-312.90625,13553.5625
"Graea Hypue BB-W d2-179",-1096.9375,-728.9375,13293.21875
"Graea Hypue QI-S d4-4",-633.3125,-788.46875,13424.90625
"Graea Hypue RY-Q d5-190",-586.125,-620.90625,13536.09375
"Graea Hypue FW-U d3-151",-547.03125,-449,13370.25
"Graea Hypue HI-R d5-298",-1068.65625,-430.09375,13534.875
"Graea Hypue VM-F c13-54",-970,-396.78125,13597.625
"Graea Hypue RD-S d4-123",-726.78125,-846.625,13432.0625
"Graea Hypue GS-R d5-312",-846.15625,-302.5,13543
"Graea Hypue RY-Q d5-121",-599.03125,-612.8125,13558.96875
"Graea Hypue QD-S d4-81",-792.03125,-857.09375,13461.9375
"Graea Hypue RD-S d4-118",-710.84375,-834.46875,13453.59375
"Graea Hypue MX-T d3-3",-857.125,-876.6875,13377.71875
"Graea Hypue XU-X d1-77",-1075.15625,-722.71875,13223.875
"Graea Hypue AR-U d3-189",-1157.03125,-571.40625,13356.6875
"Graea Hypue RD-S d4-44",-743.875,-837.0625,13483.21875
"Graea Hypue QD-S d4-30",-792.40625,-860.9375,13452.90625
"Graea Hypue TE-C b18-4",-952.59375,-267.5625,13405.1875
"Graea Hypue VZ-O d6-14",-733,-678.53125,13636.78125
"Graea Hypue NX-T d3-54",-720.4375,-854.3125,13387.5625
"Graea Hypue RD-S d4-56",-743.6875,-834.25,13493.28125
"Graea Hypue QD-S d4-106",-803.5625,-849,13492.875
"Graea Hypue OD-V b18-6",-697.09375,-838.4375,13425.65625
"Graea Hypue IR-U d3-149",-522.15625,-560.4375,13377.46875
"Graea Hypue HS-R d5-56",-723.65625,-317.84375,13531.96875
"Graea Hypue AR-U d3-220",-1150.90625,-507.125,13414.375
"Graea Hypue YJ-Z d85",-818.90625,-788.3125,13137.90625
"Graea Hypue GS-R d5-240",-823.09375,-306.625,13554.46875
"Graea Hypue LT-P d6-276",-912.53125,-376.3125,13612.8125
"Graea Hypue MS-B d56",-980.4375,-552.71875,13073.625
"Graea Hypue UZ-O d6-118",-859.40625,-739.34375,13627.625
"Graea Hypue QD-S d4-95",-787.46875,-852.1875,13485.9375
"Graea Hypue QD-S d4-50",-850.84375,-867.90625,13455.28125
"Graea Hypue UO-Q d5-103",-673.53125,-793.03125,13508.59375
"Graea Hypue LH-U d3-139",-573.71875,-735.125,13403.65625
"Graea Hypue QI-S d4-15",-628.59375,-789.6875,13440.25
"Graea Hypue LH-U d3-145",-572.78125,-737.75,13384.96875
"Graea Hypue QT-Y d1-332",-850.78125,-267.71875,13228.6875
"Graea Hypue QI-A d1-59",-686.59375,-359.5625,13162.375
"Graea Hypue KC-T d4-41",-532.75,-481,13416.6875
"Graea Hypue AR-U d3-150",-1162.5625,-546,13335.75
"Graea Hypue RY-Q d5-88",-583.90625,-593.59375,13556.15625
"Graea Hypue EG-L c9-12",-543.21875,-671.34375,13426.96875
"Graea Hypue EL-W d2-182",-534.90625,-514.40625,13265.78125
"Graea Hypue GS-R d5-37",-850.375,-308.71875,13564.625
"Graea Hypue GS-R d5-165",-845.125,-275.25,13514.21875
"Graea Hypue AR-U d3-106",-1164.65625,-560.0625,13370.125
"Graea Hypue CQ-W d2-218",-531.1875,-469.3125,13332.09375
"Graea Hypue XU-O d6-127",-738.125,-749.34375,13605.34375
"Graea Hypue CQ-W d2-77",-523.125,-501.46875,13332.53125
"Graea Hypue HI-R d5-439",-1094,-439.75,13524.21875
"Graea Hypue KC-T d4-38",-532.90625,-475.1875,13420.84375
"Graea Hypue KC-T d4-253",-537.4375,-458.46875,13419.1875
"Graea Hypue RD-S d4-12",-732.96875,-838.6875,13492.8125
"Graea Hypue PN-B d125",-898.6875,-596.90625,13043.25
"Graea Hypue AR-U d3-232",-1165.5,-542.75,13341
"Graea Hypue LT-P d6-461",-933.21875,-346.96875,13589.5625
"Graea Hypue RD-S d4-131",-783.96875,-853.5625,13494.8125
"Graea Hypue RD-S d4-88",-775.9375,-861.53125,13471.5
"Graea Hypue LT-P d6-447",-874.1875,-374.6875,13627.5625
"Graea Hypue CQ-W d2-211",-532.1875,-480.53125,13291.375
"Graea Hypue AR-U d3-48",-1164.84375,-540.1875,13401.625
"Graea Hypue VZ-O d6-128",-762.125,-728.25,13632.71875
"Graea Hypue RY-Q d5-97",-585,-650.625,13546.8125
"Graea Hypue CQ-W d2-206",-519.03125,-502.125,13334.0625
"Graea Hypue UO-Q d5-42",-665.875,-795.03125,13512.4375
"Graea Hypue AR-U d3-301",-1164.6875,-524,13402.90625
"Graea Hypue WK-V d3-12",-786.34375,-240.96875,13414.78125
"Graea Hypue QO-F c12-29",-682.03125,-780.5625,13549.5
"Graea Hypue XU-O d6-108",-775.09375,-745.28125,13627.21875
"Graea Hypue KC-T d4-222",-532.03125,-492.46875,13456.625
"Graea Hypue MX-T d3-93",-794.46875,-887.96875,13366.34375
"Graea Hypue LT-P d6-400",-928.6875,-383.46875,13625.71875
"Graea Hypue RD-S d4-97",-736.4375,-863.375,13444.125
"Graea Hypue MD-G b15-11",-1133.59375,-410.34375,13339.78125
"Graea Hypue KC-T d4-204",-540.78125,-473.625,13468.875
"Graea Hypue CQ-W d2-116",-528.4375,-464.78125,13313.625
"Graea Hypue AR-U d3-298",-1169.4375,-529.5625,13372.96875
"Graea Hypue FS-R d5-210",-939.40625,-321.3125,13566.78125
"Graea Hypue SZ-O d6-120",-963.25,-707.9375,13631.71875
"Graea Hypue AR-U d3-240",-1166.5625,-511.46875,13390.71875
"Graea Hypue RY-Q d5-18",-578.46875,-638.78125,13548.625
"Graea Hypue JW-V d2-12",-592.5,-771.15625,13298.5
"Graea Hypue FS-R d5-213",-941,-285.71875,13516.3125
"Graea Hypue RD-S d4-61",-761.6875,-860.625,13479.71875
"Graea Hypue VJ-Q d5-93",-782.40625,-851.84375,13509.96875
"Graea Hypue RY-Q d5-129",-556.21875,-647.15625,13509.25
"Graea Hypue KC-T d4-198",-535.25,-454.65625,13436.78125
"Graea Hypue LH-U d3-83",-549.875,-721.09375,13351.28125
"Graea Hypue FL-X d1-16",-762.59375,-858.84375,13236.5625
"Graea Hypue MV-H c12-36",-918.90625,-300.21875,13552.125
"Graea Hypue GR-R c6-49",-528.59375,-459.3125,13309.6875
"Graea Hypue NX-T d3-25",-764.3125,-883.6875,13335.625
"Graea Hypue UO-Q d5-87",-638.46875,-773.96875,13518.34375
"Graea Hypue QD-V b18-3",-651.25,-828.25,13420.625
"Graea Hypue RY-Q d5-20",-556.71875,-623.1875,13523.71875
"Graea Hypue UO-Q d5-80",-698.90625,-824.9375,13507.6875
"Graea Hypue JM-K c9-10",-662.90625,-838.25,13415.59375
"Graea Hypue GS-R d5-498",-803,-275.625,13531.875
"Graea Hypue RY-Q d5-101",-581.84375,-663.46875,13547.34375
"Graea Hypue NX-T d3-93",-758.15625,-885.34375,13351.1875
"Graea Hypue UO-Q d5-135",-684.21875,-782.75,13558.78125
"Graea Hypue RD-S d4-99",-742.96875,-876.4375,13420.375
"Graea Hypue YE-V c4-30",-544.9375,-445.75,13253.5625
"Graea Hypue CQ-W d2-151",-517.625,-475.1875,13333.5625
"Graea Hypue LN-A d1-118",-874.8125,-297.75,13156.5
"Graea Hypue FS-R d5-241",-934.125,-280.53125,13522
"Graea Hypue DR-V e2-114",-1078.375,-422.34375,13555.125
"Graea Hypue XU-O d6-120",-779.90625,-756.09375,13629.25
"Graea Hypue QD-S d4-43",-829.5,-870.78125,13493.71875
"Graea Hypue UO-Q d5-160",-685.15625,-816.78125,13517.125
"Graea Hypue KC-T d4-263",-522.96875,-488.03125,13447.71875
"Graea Hypue CQ-W d2-42",-524.46875,-460.09375,13299.53125
"Graea Hypue EL-W d2-67",-520.40625,-508.6875,13266.75
"Graea Hypue VE-P d6-235",-605,-637.6875,13592.0625
"Graea Hypue NX-T d3-119",-744.96875,-885.5,13374.1875
"Graea Hypue AR-U d3-82",-1178.59375,-571.625,13347.71875
"Graea Hypue QD-S d4-0",-853.5,-894.125,13422
"Graea Hypue KN-I c10-16",-859.34375,-880.34375,13475.21875
"Graea Hypue IY-Q b22-11",-533.6875,-535.1875,13504.84375
"Graea Hypue RD-S d4-32",-739.75,-878.3125,13429.65625
"Graea Hypue CQ-W d2-28",-513.125,-494.15625,13301.75
"Graea Hypue CC-T d4-76",-1143.78125,-473,13487.21875
"Graea Hypue GG-W d2-149",-527.875,-649.03125,13261.9375
"Graea Hypue AR-U d3-300",-1177.5,-515.0625,13363.28125
"Graea Hypue WU-T c5-38",-592.875,-353,13257.4375
"Graea Hypue XZ-W d2-101",-602.625,-328.03125,13293.40625
"Graea Hypue MX-T d3-74",-788.15625,-896.1875,13391.34375
"Graea Hypue UO-Q d5-157",-641.28125,-788.65625,13518.09375
"Graea Hypue LT-P d6-379",-921.3125,-345.4375,13612.96875
"Graea Hypue VJ-Q d5-38",-745.625,-841.59375,13531.1875
"Graea Hypue NI-E b17-34",-924.40625,-230.5,13379.4375
"Graea Hypue VJ-Q d5-106",-776.125,-855.21875,13523.375
"Graea Hypue GI-R d5-86",-1132.46875,-455.3125,13505.53125
"Graea Hypue MN-A d1-267",-815.4375,-330.65625,13110.15625
"Graea Hypue QD-S d4-139",-856.34375,-889.875,13456.15625
"Graea Hypue AR-U d3-212",-1181.96875,-565.5,13335.46875
"Graea Hypue QO-P d6-40",-643.46875,-444.25,13616.1875
"Graea Hypue ZU-W d2-47",-589.40625,-350.78125,13262.03125
"Graea Hypue KC-T d4-7",-521.46875,-486.71875,13462.75
"Graea Hypue EL-X d1-6",-844.6875,-856.8125,13187.9375
"Graea Hypue KC-T d4-36",-516.3125,-481.8125,13440.9375
"Graea Hypue CR-I c11-19",-535.125,-486.03125,13498.875
"Graea Hypue TN-L b11-3",-511.21875,-588.1875,13269.0625
"Graea Hypue GI-R d5-24",-1110.5,-481.09375,13558.5
"Graea Hypue GW-U d3-152",-507.78125,-477.53125,13343.1875
"Graea Hypue MS-B d174",-973.1875,-573.71875,13044.90625
"Graea Hypue KC-T d4-258",-511.1875,-498.75,13437.65625
"Graea Hypue NJ-P d6-297",-1094.15625,-582.59375,13593.40625
"Graea Hypue VF-V d3-577",-1056.875,-296.0625,13398.34375
"Graea Hypue AR-U d3-79",-1184.6875,-555.84375,13347.71875
"Graea Hypue CQ-W d2-231",-529.53125,-448.6875,13265.59375
"Graea Hypue LT-P d6-316",-912.5,-365.625,13636.75
"Graea Hypue NX-T d3-68",-742.375,-890.9375,13388.875
"Graea Hypue FG-X e1-16",-517.6875,-558.15625,13483.875
"Graea Hypue OS-S d4-172",-507.6875,-612.03125,13438.84375
"Graea Hypue NX-T d3-66",-726.5,-886.15625,13389.84375
"Graea Hypue PE-P d6-43",-1090.625,-651.46875,13583.0625
"Graea Hypue JC-L b12-10",-519.4375,-463.125,13278.40625
"Graea Hypue XU-O d6-138",-728.09375,-769.5625,13614.21875
"Graea Hypue LN-R d5-91",-557.78125,-418.25,13502.75
"Graea Hypue QI-S d4-101",-630.8125,-814.125,13473.125
"Graea Hypue CC-T d4-299",-1161.09375,-477.84375,13465.78125
"Graea Hypue RO-F c12-36",-652.71875,-777.65625,13557.375
"Graea Hypue NJ-P d6-118",-1102.4375,-526.5,13587.28125
"Graea Hypue QI-B d29",-1017.25,-698.1875,13094.78125
"Graea Hypue VJ-Q d5-124",-760.875,-850.96875,13537.75
"Graea Hypue SE-X d2-3",-851.5,-222.875,13279.28125
"Graea Hypue VJ-Q d5-147",-744.1875,-833.96875,13556.03125
"Graea Hypue SE-X d2-4",-792.78125,-217.375,13327.5
"Graea Hypue WJ-P c6-22",-846.625,-905.9375,13301.59375
"Graea Hypue NX-T d3-83",-732.75,-893.78125,13382.0625
"Graea Hypue PE-P d6-247",-1082.40625,-646.03125,13600.84375
"Graea Hypue EN-R d5-14",-1122.125,-410.75,13507.40625
"Graea Hypue NJ-P d6-67",-1081.75,-566.84375,13616.96875
"Graea Hypue AH-T d4-50",-1120.28125,-368.71875,13451.625
"Graea Hypue SU-W d2-142",-1128.53125,-364.875,13317.53125
"Graea Hypue VJ-Q d5-61",-753.1875,-830.84375,13569.71875
"Graea Hypue IR-U d3-62",-491.75,-552.6875,13404.9375
"Graea Hypue SN-B d149",-642.5,-637.15625,13081.1875
"Graea Hypue DS-X b19-19",-1120.4375,-367.15625,13450.84375
"Graea Hypue KC-T d4-185",-499.90625,-498.84375,13424.1875
"Graea Hypue GR-R c6-42",-510.5,-446.1875,13318.125
"Graea Hypue VE-M c9-39",-500.0625,-501.34375,13429.5
"Graea Hypue NT-Q d5-78",-1095.3125,-698.1875,13563.1875
"Graea Hypue RD-S d4-67",-719.96875,-875.90625,13465.03125
"Graea Hypue FS-R d5-228",-918.3125,-276,13554.53125
"Graea Hypue UK-V d3-236",-991.25,-242.09375,13376.71875
"Graea Hypue NX-T d3-120",-736.34375,-898.15625,13379.625
"Graea Hypue HI-R d5-414",-1091.75,-431.46875,13573.90625
"Graea Hypue CQ-W d2-229",-502.21875,-466.96875,13322.15625
"Graea Hypue OX-T d3-46",-660.4375,-865.4375,13344
"Graea Hypue QE-X d2-640",-991.375,-247.0625,13297.71875
"Graea Hypue CQ-W d2-22",-504.625,-458.3125,13310.96875
"Graea Hypue UJ-Q d5-17",-847.375,-862.25,13549.90625
"Graea Hypue CQ-W d2-9",-506.0625,-478.53125,13276.15625
"Graea Hypue VE-P d6-217",-580.90625,-601.65625,13600.90625
"Graea Hypue NJ-P d6-225",-1042.28125,-541.84375,13654.40625
"Graea Hypue KC-T d4-15",-517.875,-487.65625,13492.96875
"Graea Hypue SY-R d4-122",-859.0625,-912.375,13417.75
"Graea Hypue XU-O d6-79",-727.65625,-794.9375,13605.9375
"Graea Hypue KC-T d4-256",-502.53125,-496.9375,13454.4375
"Graea Hypue NX-T d3-5",-717.84375,-895.90625,13341.71875
"Graea Hypue TD-B d11",-909.25,-767.0625,13077.75
"Graea Hypue TJ-F c12-25",-656.84375,-787.46875,13569.3125
"Graea Hypue FG-X e1-44",-484.375,-545.34375,13391.46875
"Graea Hypue LO-P d6-175",-1048.34375,-448.5,13630.59375
"Graea Hypue MN-A d1-210",-800.0625,-275.1875,13150.4375
"Graea Hypue TJ-M c9-21",-501.65625,-460.9375,13419.78125
"Graea Hypue FM-V e2-4",-1156.40625,-662.75,13497.5
"Graea Hypue TP-V c3-19",-1120.375,-716.4375,13199.21875
"Graea Hypue QN-S d4-56",-529.03125,-726.1875,13431.875
"Graea Hypue SE-X d2-7",-864.375,-215.625,13264.34375
"Graea Hypue TJ-F c12-35",-658.5,-809.15625,13548.875
"Graea Hypue EL-W d2-10",-486.65625,-556.46875,13295.03125
"Graea Hypue FG-T c5-27",-495.28125,-497.46875,13281.4375
"Graea Hypue QD-S d4-56",-854.59375,-899.875,13483.8125
"Graea Hypue TJ-F c12-34",-656.84375,-811.90625,13544.03125
"Graea Hypue NN-A d1-389",-725.53125,-284.875,13161
"Graea Hypue FS-R d5-300",-917.09375,-278.6875,13572.28125
"Graea Hypue FG-T c5-8",-497.5625,-485.4375,13279.9375
"Graea Hypue VE-P d6-216",-593.6875,-613.75,13619.59375
"Graea Hypue OS-T d3-70",-844.0625,-921.96875,13352.0625
"Graea Hypue UO-Z d67",-1022.40625,-738.6875,13105.40625
"Graea Hypue YP-O d6-15",-792.6875,-832.8125,13594.71875
"Graea Hypue KH-K c9-4",-686.40625,-875.71875,13449.03125
"Graea Hypue VJ-Q d5-152",-766.46875,-872.78125,13528.59375
"Graea Hypue KC-T d4-215",-501.4375,-448.78125,13418.5625
"Graea Hypue WJ-Z d14",-993.90625,-822.375,13163.78125
"Graea Hypue FM-V e2-52",-1164.71875,-641.34375,13501.59375
"Graea Hypue KC-T d4-8",-512.75,-460.78125,13478.8125
"Graea Hypue KC-T d4-186",-490.0625,-495.59375,13426.28125
"Graea Hypue XU-O d6-80",-719.96875,-793.5,13613.6875
"Graea Hypue KC-Q b10-28",-1055.875,-295.8125,13237.84375
"Graea Hypue NX-T d3-73",-719.96875,-903.5625,13381.4375
"Graea Hypue SY-R d4-24",-803.125,-905.875,13471.25
"Graea Hypue XV-U d3-32",-1197.25,-494.3125,13388.3125
"Graea Hypue NX-B d96",-719.1875,-503.28125,13023
"Graea Hypue QN-S d4-0",-501.78125,-679.625,13425.78125
"Graea Hypue XZ-W d2-410",-578.4375,-329.53125,13259.0625
"Graea Hypue CQ-W d2-59",-486.875,-497,13299.3125
"Graea Hypue EL-W d2-135",-483.75,-570.125,13284.84375
"Graea Hypue AL-R b20-5",-657.21875,-858.4375,13468.78125
"Graea Hypue DS-R d5-688",-1060.78125,-324.46875,13532.1875
"Graea Hypue EL-W d2-127",-483.84375,-519.46875,13293.53125
"Graea Hypue JT-P d6-444",-1066.71875,-367.25,13575.125
"Graea Hypue IS-R d5-414",-639.5625,-289.25,13503.71875
"Graea Hypue UO-Q d5-92",-652.3125,-802.6875,13564.09375
"Graea Hypue FG-T c5-12",-491.96875,-484.09375,13276.5
"Graea Hypue ZL-T d4-625",-1103.28125,-332.65625,13478.9375
"Graea Hypue SE-X d2-666",-845.9375,-201.84375,13285.75
"Graea Hypue NS-P c7-20",-486.71875,-465.96875,13335.40625
"Graea Hypue IB-U b7-6",-1139.1875,-443,13182.53125
"Graea Hypue QN-S d4-18",-527.125,-734.28125,13445.5
"Graea Hypue SN-B d147",-672.125,-628.21875,13041.5625
"Graea Hypue GI-R d5-10",-1135.71875,-457.59375,13556.25
"Graea Hypue SD-S d4-98",-691.4375,-880.375,13475.3125
"Graea Hypue SY-R d4-23",-804.3125,-924.5,13425
"Graea Hypue FR-V d2-15",-1029.15625,-867.40625,13270.34375
"Graea Hypue CQ-W d2-14",-480,-483.5625,13317.375
"Graea Hypue KC-T d4-261",-488.21875,-455,13415.28125
"Graea Hypue CQ-W d2-112",-484.5,-461.5,13315.90625
"Graea Hypue KY-Q d5-234",-1142.34375,-642.03125,13566.71875
"Graea Hypue TY-R d4-44",-742.53125,-915,13433.46875
"Graea Hypue EN-R d5-33",-1147.65625,-401.3125,13504.28125
"Graea Hypue YJ-Y d1-197",-497.03125,-474.09375,13241.5
"Graea Hypue XU-O d6-90",-771,-803.4375,13638.84375
"Graea Hypue QN-S d4-104",-505.96875,-678.53125,13482.59375
"Graea Hypue ZL-T d4-142",-1065.9375,-271.34375,13438.4375
"Graea Hypue VJ-Q d5-149",-714.25,-850.5625,13564.25
"Graea Hypue QT-H b14-2",-489.90625,-435.46875,13316.625
"Graea Hypue VA-V d3-168",-1187.65625,-418.875,13346.9375
"Graea Hypue MT-P c6-1",-1076.3125,-851.625,13329.78125
"Graea Hypue UK-V d3-281",-1021.75,-233.375,13394.8125
"Graea Hypue VJ-Q d5-102",-735.1875,-891.8125,13509.03125
"Graea Hypue CS-R d5-156",-1110.71875,-337.4375,13500.625
"Graea Hypue NP-D c13-42",-1031.84375,-804.59375,13578.1875
"Graea Hypue KH-K c9-23",-704.71875,-904.59375,13441.1875
"Graea Hypue YJ-Y d1-244",-498.59375,-449.4375,13246.53125
"Graea Hypue QN-S d4-6",-509.875,-704.1875,13477.75
"Graea Hypue FX-R d5-3",-722.0625,-232.1875,13507.25
"Graea Hypue QO-P c6-11",-1002.625,-899.34375,13307.46875
"Graea Hypue OS-S d4-16",-476.40625,-631.625,13439.25
"Graea Hypue CQ-W d2-126",-482.40625,-470.375,13277.78125
"Graea Hypue MN-A d1-4",-852.59375,-278.25,13109.09375
"Graea Hypue NT-P c6-0",-1060.875,-864,13299.625
"Graea Hypue FQ-W c2-4",-811.75,-867.15625,13138.65625
"Graea Hypue UD-A d1-95",-534.28125,-461.6875,13160.4375
"Graea Hypue UO-Q d5-154",-629.25,-821.84375,13539.9375
"Graea Hypue CQ-W d2-96",-491.875,-438.78125,13271.8125
"Graea Hypue OE-P d6-9",-1125.5,-592.71875,13612
"Graea Hypue SO-P d6-3",-538.53125,-502.21875,13585.625
"Graea Hypue BA-E c7",-661.1875,-457.28125,13041.25
"Graea Hypue BK-Z d101",-606.34375,-797.25,13174.28125
"Graea Hypue TJ-Q d5-78",-917.34375,-870.1875,13573.40625
"Graea Hypue UJ-P d6-83",-525.28125,-531.03125,13575.9375
"Graea Hypue EB-N b11-10",-490.03125,-440.34375,13266.53125
"Graea Hypue FR-V d2-22",-1095.40625,-846.25,13332.78125
"Graea Hypue ZP-O d6-10",-709.625,-835.9375,13596.21875
"Graea Hypue LI-R c5-1",-1061.46875,-868.0625,13293.40625
"Graea Hypue UY-R d4-71",-701.71875,-910.96875,13440.78125
"Graea Hypue YJ-Y d1-104",-484.40625,-462.125,13252.09375
"Graea Hypue IS-R d5-19",-633.84375,-302.15625,13559.1875
"Graea Hypue FR-V d2-3",-1092.28125,-838.78125,13269.8125
"Graea Hypue HR-R c6-44",-470.59375,-455.09375,13333
"Graea Hypue BC-P c8-111",-635.8125,-237.25,13409.375
"Graea Hypue UJ-P d6-64",-531.375,-536.34375,13592.09375
"Graea Hypue FN-R d5-258",-1102.53125,-355.4375,13558.4375
"Graea Hypue QG-Q c7-45",-1180.3125,-376.34375,13355.625
"Graea Hypue OS-S d4-120",-476.90625,-601.84375,13488.0625
"Graea Hypue VJ-Q d5-103",-730.3125,-900.09375,13513
"Graea Hypue AK-Z d50",-678.5,-809.8125,13112.71875
"Graea Hypue QN-S d4-13",-485.34375,-702.1875,13429.90625
"Graea Hypue RZ-O d6-176",-1084.21875,-744.15625,13603
"Graea Hypue AH-T d4-18",-1168.5625,-386.9375,13476.8125
"Graea Hypue AK-Z d55",-640.5,-814.90625,13145.78125
"Graea Hypue SD-S d4-3",-670.65625,-889.71875,13482.8125
"Graea Hypue TP-W d2-194",-1223.65625,-502.875,13313.21875
"Graea Hypue CQ-W d2-190",-480.78125,-427.28125,13289.09375
"Graea Hypue UJ-P d6-259",-532.28125,-514,13597.21875
"Graea Hypue GX-R d5-55",-696.6875,-239.1875,13532.78125
"Graea Hypue LI-A d1-235",-1083.8125,-368.15625,13122.40625
"Graea Hypue FR-V d2-32",-1061.375,-870.75,13265.5625
"Graea Hypue SO-P d6-54",-542.21875,-435.84375,13583.40625
"Graea Hypue VJ-Q d5-17",-742.3125,-890.1875,13551.75
"Graea Hypue SY-R d4-52",-859.59375,-933.46875,13484.90625
"Graea Hypue RP-N d7-91",-1049.75,-554.03125,13694.21875
"Graea Hypue YM-F b13-3",-1099.375,-850.90625,13303.53125
"Graea Hypue TY-R d4-46",-742.78125,-927.96875,13463.40625
"Graea Hypue SH-F b1-1",-617.46875,-557.46875,13037.6875
"Graea Hypue SO-P d6-45",-538.78125,-435.53125,13581
"Graea Hypue ZU-Y e3",-1124.8125,-802.28125,13234.625
"Graea Hypue KX-J c9-18",-853,-946.90625,13441.34375
"Graea Hypue UY-R d4-60",-666.28125,-906.90625,13435.78125
"Graea Hypue YL-T d4-426",-1122.84375,-294.96875,13435.34375
"Graea Hypue OT-E c13-49",-515.3125,-560.8125,13586.96875
"Graea Hypue VJ-Q d5-23",-754.28125,-894.4375,13558.03125
"Graea Hypue NZ-N d7-226",-1057.5625,-413.5625,13659.5625
"Graea Hypue YR-N c9-79",-761.375,-176.71875,13422.78125
"Graea Hypue PU-N d7-392",-1047.09375,-476.03125,13690.5625
"Graea Hypue LS-B d75",-1080.96875,-535.25,13046.0625
"Graea Hypue JY-Q d5-262",-1207.59375,-620.75,13505.375
"Graea Hypue UY-R d4-116",-652.5625,-906.59375,13428
"Graea Hypue RP-N d7-51",-1104.40625,-508.09375,13656.5625
"Graea Hypue QN-S d4-14",-501,-740.6875,13470.8125
"Graea Hypue UJ-P d6-205",-518.1875,-550.34375,13599
"Graea Hypue YP-O d6-46",-805.71875,-871.875,13612.4375
"Graea Hypue YV-T d4-1066",-858.1875,-181.625,13490.25
"Graea Hypue OX-B d231",-666.46875,-438.84375,13021.28125
"Graea Hypue ZP-O d6-164",-726,-825.9375,13641.125
"Graea Hypue QT-Z d120",-1152.28125,-635.25,13119.5625
"Graea Hypue IM-R b6-4",-927.6875,-895.34375,13156.65625
"Graea Hypue FR-V d2-81",-1080.5,-878.3125,13303.28125
"Graea Hypue XP-X e1-91",-1063.1875,-227.59375,13390.71875
"Graea Hypue UJ-P d6-29",-539.40625,-582.65625,13627.53125
"Graea Hypue WO-Q d5-107",-538,-781.28125,13510.3125
"Graea Hypue SO-P d6-60",-518.09375,-471.15625,13586.9375
"Graea Hypue HD-R d5-127",-1196.5,-569.53125,13552.0625
"Graea Hypue KX-J c9-15",-843.75,-961.3125,13415.0625
"Graea Hypue UJ-P d6-273",-503.8125,-549.125,13584
"Graea Hypue GX-R d5-401",-683.78125,-221.625,13513.875
"Graea Hypue SO-P d6-31",-529.25,-476.3125,13605.15625
"Graea Hypue UK-V d3-297",-990.15625,-188.25,13407.125
"Graea Hypue SD-S d4-68",-634.65625,-895.21875,13460.4375
"Graea Hypue OO-P c6-2",-1092.28125,-876.09375,13325.28125
"Graea Hypue ZU-O d6-16",-584.71875,-791.71875,13575.0625
"Graea Hypue MC-C d48",-693.46875,-369.625,13036.4375
"Graea Hypue TY-R d4-14",-771.375,-953.9375,13439.03125
"Graea Hypue OF-E b29-4",-540.21875,-572.25,13635.59375
"Graea Hypue MR-S c5-29",-443.71875,-586.875,13272.15625
"Graea Hypue WE-M c9-5",-450.09375,-465.40625,13430.21875
"Graea Hypue HN-R c5-17",-1120.6875,-848.15625,13286.6875
"Graea Hypue HH-C d159",-865.625,-325.4375,13029.4375
"Graea Hypue RP-N d7-318",-1094.59375,-540.40625,13680.90625
"Graea Hypue QY-R d4-38",-1006.96875,-916.6875,13474.4375
"Graea Hypue YL-T d4-335",-1134.96875,-297.90625,13465.96875
"Graea Hypue TY-R d4-36",-770.15625,-955.8125,13439.96875
"Graea Hypue UJ-P d6-161",-535.375,-536.96875,13632.53125
"Graea Hypue DQ-W d2-13",-453.28125,-469.90625,13267.0625
"Graea Hypue WO-Q d5-132",-527.71875,-788.1875,13497.0625
"Graea Hypue YP-O d6-38",-841.84375,-869.1875,13631.9375
"Graea Hypue RJ-Q d5-121",-1096.875,-838.34375,13521.21875
"Graea Hypue PN-A d1-314",-585.5,-302.875,13171.5
"Graea Hypue WO-Q d5-150",-539.875,-750.09375,13566.65625
"Graea Hypue UJ-P d6-207",-529.375,-556.78125,13628.9375
"Graea Hypue OF-E b29-12",-541.25,-574.5625,13644.125
"Graea Hypue GX-R d5-28",-674.25,-223.28125,13528.40625
"Graea Hypue XF-W d2-206",-1246.15625,-595.84375,13297.59375
"Graea Hypue EN-R d5-65",-1158.875,-396.03125,13565.59375
"Graea Hypue WE-Q d5-17",-788.34375,-914.28125,13570.125
"Graea Hypue JT-P d6-77",-1101.46875,-388.40625,13632.375
"Graea Hypue UJ-P d6-3",-489.40625,-555.46875,13580.40625
"Graea Hypue UJ-P d6-244",-500.03125,-541.375,13597.375
"Graea Hypue PT-E c13-52",-498.21875,-561.78125,13595.90625
"Graea Hypue LC-T d4-271",-446.875,-483.15625,13468.59375
"Graea Hypue DJ-B b29-3",-838.71875,-873.03125,13636.53125
"Graea Hypue LM-V d2-24",-762.71875,-957.78125,13264.65625
"Graea Hypue UD-A d1-129",-502.78125,-445.84375,13148.78125
"Graea Hypue TY-R d4-121",-757.3125,-962.71875,13430.15625
"Graea Hypue AQ-X e1-34",-602.0625,-227.3125,13430.15625
"Graea Hypue VQ-I b11-5",-1067.59375,-898.90625,13274.46875
"Graea Hypue TU-O d6-9",-1066.21875,-798.34375,13619.21875
"Graea Hypue FR-L b12-5",-468,-388.46875,13290.96875
"Graea Hypue PS-S d4-165",-435.03125,-599.21875,13451.78125
"Graea Hypue BL-X d1-23",-1085.96875,-857.1875,13197.3125
"Graea Hypue BW-V e2-107",-1054.59375,-293.46875,13602.65625
"Graea Hypue WO-Q d5-105",-521.84375,-784.75,13516.59375
"Graea Hypue TY-R d4-60",-745.96875,-957.125,13461.71875
"Graea Hypue KS-R d5-409",-540.34375,-318.28125,13524.96875
"Graea Hypue SO-P d6-15",-509.375,-492.03125,13609.84375
"Graea Hypue OJ-D c14-10",-512.03125,-500.25,13615.5625
"Graea Hypue ZK-V d3-214",-570.71875,-240.4375,13382.0625
"Graea Hypue BV-W d2-42",-452.4375,-418.78125,13289.8125
"Graea Hypue DA-Y d1-124",-443.3125,-635.90625,13248.09375
"Graea Hypue IH-Q c7-0",-460.75,-383.53125,13337.15625
"Graea Hypue OE-P d6-77",-1171.78125,-593.25,13618.53125
"Graea Hypue BV-W d2-189",-456.46875,-393.09375,13329.375
"Graea Hypue UY-R d4-8",-651,-916.6875,13483.9375
"Graea Hypue WO-Q d5-16",-496.625,-752.65625,13511.03125
"Graea Hypue BV-W d2-0",-457.1875,-419.375,13257.625
"Graea Hypue TY-R d4-55",-718.5,-956.6875,13444.78125
"Clookeou UL-B d14-186",-796.09375,-495.46875,12947
"Graea Hypue JR-U d3-179",-418.78125,-578.09375,13348.03125
"Graea Hypue JR-U d3-51",-421.5625,-510.4375,13344.96875
"Graea Hypue JI-R c5-17",-1117.78125,-870.5625,13284.46875
"Graea Hypue VA-V d3-120",-1207.34375,-351.75,13391.90625
"Graea Hypue BV-W d2-195",-457.65625,-390.96875,13301.625
"Graea Hypue SO-P d6-137",-513,-430.125,13596
"Graea Hypue UD-A d1-99",-510.3125,-475.84375,13110.875
"Graea Hypue MY-P d6-589",-680.1875,-282.46875,13637.6875
"Graea Hypue RJ-Q d5-74",-1078.34375,-884.21875,13499.125
"Graea Hypue EP-B c15-77",-1098.71875,-474.46875,13687.375
"Graea Hypue SS-S c4-14",-756.09375,-955.71875,13230.375
"Graea Hypue AV-W d2-10",-468.8125,-379.53125,13267.03125
"Graea Hypue GX-R d5-58",-702.0625,-186.46875,13505.90625
"Graea Hypue SY-R d4-96",-848.125,-982.5625,13415.65625
"Graea Hypue WO-Q d5-88",-499.65625,-773.09375,13500.96875
"Graea Hypue BV-W d2-239",-455.4375,-403.46875,13274.46875
"Graea Hypue QZ-W d2-395",-1181.6875,-309.4375,13321.65625
"Graea Hypue QP-N d7-10",-1114.6875,-559.15625,13687.875
"Clookeou TL-B d14-200",-919.78125,-458.375,12955.9375
"Graea Hypue PF-E b29-9",-521.8125,-580.71875,13644.75
"Graea Hypue UY-R d4-1",-643.34375,-923.5625,13471.6875
"Graea Hypue UJ-P d6-113",-499.84375,-538.8125,13618.4375
"Graea Hypue RJ-Q d5-183",-1043.75,-899.90625,13525.125
"Graea Hypue XM-H c11-6",-1207.0625,-728.90625,13504.4375
"Graea Hypue BS-G b12-0",-1082.5,-908.65625,13288.125
"Graea Hypue BW-V d2-145",-1196.75,-785.84375,13275.5625
"Graea Hypue FI-R d5-27",-1226.375,-478.09375,13533
"Graea Hypue SY-R d4-42",-839.78125,-974.28125,13482.15625
"Graea Hypue YZ-W d2-321",-501.53125,-311.5,13271.53125
"Graea Hypue TY-R d4-77",-775.28125,-968.78125,13489.5625
"Graea Hypue TP-W d2-62",-1258.5,-459.25,13319.1875
"Clookeou KN-B c29-43",-994.46875,-422.09375,12982.59375
"Graea Hypue QY-R d4-34",-968.71875,-953.8125,13489.71875
"Graea Hypue GG-X d1-6",-818.71875,-979.65625,13254.09375
"Graea Hypue FR-V d2-47",-1103.125,-902.71875,13311.9375
"Graea Hypue SK-N d7-32",-1105.78125,-641.15625,13695.5625
"Graea Hypue BV-W d2-83",-451.5,-372.59375,13322.71875
"Graea Hypue UJ-P d6-191",-511.03125,-553.8125,13645.25
"Graea Hypue BV-W d2-317",-447.53125,-406.625,13257.25
"Graea Hypue BV-W d2-49",-434.71875,-407.59375,13325.59375
"Graea Hypue GL-C b14-1",-781.4375,-991.375,13328.6875
"Graea Hypue PN-T d3-72",-930.53125,-985.125,13406.5625
"Graea Hypue UJ-P d6-59",-492.5,-508.09375,13618.375
"Graea Hypue XF-W d2-80",-1259.84375,-662.53125,13295
"Graea Hypue JR-U d3-186",-407.34375,-567.1875,13413.46875
"Graea Hypue NZ-N d7-256",-1075.875,-383.03125,13683.5625
"Graea Hypue WO-Q d5-122",-523.0625,-794.8125,13549.53125
"Graea Hypue PN-T d3-16",-883.625,-995.625,13345.46875
"Graea Hypue UJ-P d6-8",-488.15625,-519.78125,13618
"Graea Hypue RO-G b15-6",-442.34375,-381.40625,13336.53125
"Graea Hypue TY-R d4-5",-774.21875,-975.90625,13486.125
"Graea Hypue UY-R d4-84",-693.21875,-960.28125,13469.375
"Graea Hypue HM-T d4-1",-464.09375,-344.28125,13423.8125
"Graea Hypue EC-S d5-543",-690,-175.40625,13507.34375
"Graea Hypue UY-R d4-100",-655.40625,-944.75,13468.46875
"Graea Hypue CS-R d5-703",-1179.3125,-337.625,13531.40625
"Graea Hypue DF-P c6-4",-653.46875,-957.625,13324.25
"Graea Hypue UJ-P d6-270",-497.03125,-549.65625,13636.8125
"Graea Hypue TZ-C c14-44",-503.125,-562.71875,13645.09375
"Graea Hypue MM-V d2-38",-661.5625,-957.21875,13288.5
"Graea Hypue BV-W d2-10",-425.75,-414.3125,13329.875
"Graea Hypue WO-Q d5-130",-510.28125,-815.90625,13505.71875
"Graea Hypue ZA-W d2-18",-1256.375,-684.53125,13279
"Graea Hypue AA-Z d78",-1016.0625,-917.8125,13168.875
"Graea Hypue UY-R d4-69",-635.78125,-943.03125,13448.9375
"Graea Hypue XV-T d4-778",-886.4375,-131.4375,13463.6875
"Graea Hypue WO-Q d5-121",-509.03125,-792.21875,13545.625
"Graea Hypue WD-B d6",-694.25,-798.75,13015.59375
"Graea Hypue BV-W d2-151",-448.09375,-367.34375,13283.71875
"Graea Hypue WO-Q d5-146",-492.65625,-756.84375,13557.84375
"Graea Hypue PS-B b17-9",-398.5625,-513.84375,13383.53125
"Graea Hypue BV-W d2-85",-422.4375,-416.875,13306.9375
"Graea Hypue WO-Q d5-125",-538.25,-822.5625,13559.5625
"Graea Hypue ZB-Q b7-4",-1124.5,-857.125,13185.0625
"Graea Hypue WO-Q d5-110",-476.9375,-768.1875,13517.6875
"Graea Hypue XG-A c2-30",-1206.78125,-497.28125,13113.875
"Graea Hypue XD-B d25",-614.96875,-755.78125,13028.875
"Graea Hypue CL-O d6-78",-698.1875,-914.75,13595.125
"Graea Hypue KM-L b12-10",-422.6875,-418.65625,13292.375
"Graea Hypue WO-Q d5-22",-518.125,-791.78125,13568.75
"Graea Hypue WO-Q d5-38",-520.71875,-817.03125,13541.53125
"Graea Hypue LC-T d4-250",-423.625,-435.84375,13464.5625
"Graea Hypue NH-U d3-41",-429.15625,-736.90625,13349
"Graea Hypue UJ-P d6-271",-492.96875,-536.28125,13643.03125
"Graea Hypue TY-R d4-11",-726.9375,-984.34375,13457.5625
"Graea Hypue WE-Q d5-46",-852.03125,-978.3125,13526.96875
"Graea Hypue CS-R d5-726",-1159.09375,-316.5,13562.40625
"Graea Hypue HG-W d2-77",-403.4375,-633.9375,13290.40625
"Graea Hypue JI-S d4-43",-1242.71875,-752.71875,13421.03125
"Graea Hypue CQ-T c5-4",-428.0625,-413.375,13262
"Graea Hypue XE-H b13-9",-1273.59375,-666.0625,13300.09375
